date,year,industry,unemployed,share
2000-01-01,2000,Wholesale and Retail Trade,1000,0.167392032139
2000-01-01,2000,Manufacturing,734,0.122865751590
2000-01-01,2000,Leisure and hospitality,782,0.130900569133
2000-01-01,2000,Business services,655,0.109641781051
2000-01-01,2000,Construction,745,0.124707063944
2000-01-01,2000,Education and Health,353,0.059089387345
2000-01-01,2000,Government,430,0.071978573820
2000-01-01,2000,Finance,228,0.038165383328
2000-01-01,2000,Self-employed,239,0.040006695681
2000-01-01,2000,Other,274,0.045865416806
2000-01-01,2000,Transportation and Utilities,236,0.039504519585
2000-01-01,2000,Information,125,0.020924004017
2000-01-01,2000,Agriculture,154,0.025778372949
2000-01-01,2000,Mining and Extraction,19,0.003180448611
2000-02-01,2000,Wholesale and Retail Trade,1023,0.172804054054
2000-02-01,2000,Manufacturing,694,0.117229729730
2000-02-01,2000,Leisure and hospitality,779,0.131587837838
2000-02-01,2000,Business services,587,0.099155405405
2000-02-01,2000,Construction,812,0.137162162162
2000-02-01,2000,Education and Health,349,0.058952702703
2000-02-01,2000,Government,409,0.069087837838
2000-02-01,2000,Finance,240,0.040540540541
2000-02-01,2000,Self-employed,262,0.044256756757
2000-02-01,2000,Other,232,0.039189189189
2000-02-01,2000,Transportation and Utilities,223,0.037668918919
2000-02-01,2000,Information,112,0.018918918919
2000-02-01,2000,Agriculture,173,0.029222972973
2000-02-01,2000,Mining and Extraction,25,0.004222972973
2000-03-01,2000,Wholesale and Retail Trade,983,0.173002463921
2000-03-01,2000,Manufacturing,739,0.130059838085
2000-03-01,2000,Leisure and hospitality,789,0.138859556494
2000-03-01,2000,Business services,623,0.109644491376
2000-03-01,2000,Construction,669,0.117740232313
2000-03-01,2000,Education and Health,381,0.067053854277
2000-03-01,2000,Government,311,0.054734248504
2000-03-01,2000,Finance,226,0.039774727209
2000-03-01,2000,Self-employed,213,0.037486800422
2000-03-01,2000,Other,247,0.043470608941
2000-03-01,2000,Transportation and Utilities,192,0.033790918691
2000-03-01,2000,Information,140,0.024639211545
2000-03-01,2000,Agriculture,152,0.026751143963
2000-03-01,2000,Mining and Extraction,17,0.002991904259
2000-04-01,2000,Wholesale and Retail Trade,793,0.163673890609
2000-04-01,2000,Manufacturing,736,0.151909184727
2000-04-01,2000,Leisure and hospitality,658,0.135810113519
2000-04-01,2000,Business services,517,0.106707946336
2000-04-01,2000,Construction,447,0.092260061920
2000-04-01,2000,Education and Health,329,0.067905056760
2000-04-01,2000,Government,269,0.055521155831
2000-04-01,2000,Finance,197,0.040660474716
2000-04-01,2000,Self-employed,218,0.044994840041
2000-04-01,2000,Other,240,0.049535603715
2000-04-01,2000,Transportation and Utilities,191,0.039422084623
2000-04-01,2000,Information,95,0.019607843137
2000-04-01,2000,Agriculture,135,0.027863777090
2000-04-01,2000,Mining and Extraction,20,0.004127966976
2000-05-01,2000,Wholesale and Retail Trade,821,0.163937699681
2000-05-01,2000,Manufacturing,685,0.136781150160
2000-05-01,2000,Leisure and hospitality,675,0.134784345048
2000-05-01,2000,Business services,561,0.112020766773
2000-05-01,2000,Construction,397,0.079273162939
2000-05-01,2000,Education and Health,423,0.084464856230
2000-05-01,2000,Government,370,0.073881789137
2000-05-01,2000,Finance,195,0.038937699681
2000-05-01,2000,Self-employed,206,0.041134185304
2000-05-01,2000,Other,254,0.050718849840
2000-05-01,2000,Transportation and Utilities,190,0.037939297125
2000-05-01,2000,Information,131,0.026158146965
2000-05-01,2000,Agriculture,73,0.014576677316
2000-05-01,2000,Mining and Extraction,27,0.005391373802
2000-06-01,2000,Wholesale and Retail Trade,837,0.157449209932
2000-06-01,2000,Manufacturing,621,0.116817155756
2000-06-01,2000,Leisure and hospitality,833,0.156696764485
2000-06-01,2000,Business services,545,0.102520692250
2000-06-01,2000,Construction,389,0.073175319789
2000-06-01,2000,Education and Health,452,0.085026335591
2000-06-01,2000,Government,603,0.113431151242
2000-06-01,2000,Finance,216,0.040632054176
2000-06-01,2000,Self-employed,188,0.035364936042
2000-06-01,2000,Other,225,0.042325056433
2000-06-01,2000,Transportation and Utilities,183,0.034424379233
2000-06-01,2000,Information,102,0.019187358916
2000-06-01,2000,Agriculture,109,0.020504138450
2000-06-01,2000,Mining and Extraction,13,0.002445447705
2000-07-01,2000,Wholesale and Retail Trade,792,0.146449704142
2000-07-01,2000,Manufacturing,708,0.130917159763
2000-07-01,2000,Leisure and hospitality,786,0.145340236686
2000-07-01,2000,Business services,636,0.117603550296
2000-07-01,2000,Construction,384,0.071005917160
2000-07-01,2000,Education and Health,478,0.088387573964
2000-07-01,2000,Government,545,0.100776627219
2000-07-01,2000,Finance,190,0.035133136095
2000-07-01,2000,Self-employed,222,0.041050295858
2000-07-01,2000,Other,202,0.037352071006
2000-07-01,2000,Transportation and Utilities,228,0.042159763314
2000-07-01,2000,Information,144,0.026627218935
2000-07-01,2000,Agriculture,77,0.014238165680
2000-07-01,2000,Mining and Extraction,16,0.002958579882
2000-08-01,2000,Wholesale and Retail Trade,853,0.159857571214
2000-08-01,2000,Manufacturing,685,0.128373313343
2000-08-01,2000,Leisure and hospitality,675,0.126499250375
2000-08-01,2000,Business services,584,0.109445277361
2000-08-01,2000,Construction,446,0.083583208396
2000-08-01,2000,Education and Health,450,0.084332833583
2000-08-01,2000,Government,583,0.109257871064
2000-08-01,2000,Finance,213,0.039917541229
2000-08-01,2000,Self-employed,186,0.034857571214
2000-08-01,2000,Other,187,0.035044977511
2000-08-01,2000,Transportation and Utilities,198,0.037106446777
2000-08-01,2000,Information,143,0.026799100450
2000-08-01,2000,Agriculture,110,0.020614692654
2000-08-01,2000,Mining and Extraction,23,0.004310344828
2000-09-01,2000,Wholesale and Retail Trade,791,0.158994974874
2000-09-01,2000,Manufacturing,667,0.134070351759
2000-09-01,2000,Leisure and hospitality,636,0.127839195980
2000-09-01,2000,Business services,559,0.112361809045
2000-09-01,2000,Construction,386,0.077587939698
2000-09-01,2000,Education and Health,398,0.080000000000
2000-09-01,2000,Government,408,0.082010050251
2000-09-01,2000,Finance,187,0.037587939698
2000-09-01,2000,Self-employed,213,0.042814070352
2000-09-01,2000,Other,220,0.044221105528
2000-09-01,2000,Transportation and Utilities,231,0.046432160804
2000-09-01,2000,Information,130,0.026130653266
2000-09-01,2000,Agriculture,124,0.024924623116
2000-09-01,2000,Mining and Extraction,25,0.005025125628
2000-10-01,2000,Wholesale and Retail Trade,739,0.154408692018
2000-10-01,2000,Manufacturing,693,0.144797325533
2000-10-01,2000,Leisure and hospitality,691,0.144379440033
2000-10-01,2000,Business services,504,0.105307145842
2000-10-01,2000,Construction,417,0.087129126619
2000-10-01,2000,Education and Health,339,0.070831592144
2000-10-01,2000,Government,391,0.081696615127
2000-10-01,2000,Finance,224,0.046803175930
2000-10-01,2000,Self-employed,226,0.047221061429
2000-10-01,2000,Other,161,0.033639782700
2000-10-01,2000,Transportation and Utilities,153,0.031968240702
2000-10-01,2000,Information,96,0.020058503970
2000-10-01,2000,Agriculture,113,0.023610530715
2000-10-01,2000,Mining and Extraction,39,0.008148767238
2000-11-01,2000,Wholesale and Retail Trade,701,0.141501816714
2000-11-01,2000,Manufacturing,672,0.135647961243
2000-11-01,2000,Leisure and hospitality,694,0.140088817117
2000-11-01,2000,Business services,547,0.110415825595
2000-11-01,2000,Construction,482,0.097295115059
2000-11-01,2000,Education and Health,351,0.070851836899
2000-11-01,2000,Government,384,0.077513120711
2000-11-01,2000,Finance,184,0.037141703674
2000-11-01,2000,Self-employed,273,0.055106984255
2000-11-01,2000,Other,217,0.043802987485
2000-11-01,2000,Transportation and Utilities,129,0.026039563989
2000-11-01,2000,Information,117,0.023617278966
2000-11-01,2000,Agriculture,192,0.038756560355
2000-11-01,2000,Mining and Extraction,11,0.002220427937
2000-12-01,2000,Wholesale and Retail Trade,715,0.146246676212
2000-12-01,2000,Manufacturing,653,0.133565146247
2000-12-01,2000,Leisure and hospitality,639,0.130701574964
2000-12-01,2000,Business services,564,0.115361014522
2000-12-01,2000,Construction,580,0.118633667417
2000-12-01,2000,Education and Health,293,0.059930456126
2000-12-01,2000,Government,365,0.074657394150
2000-12-01,2000,Finance,200,0.040908161178
2000-12-01,2000,Self-employed,178,0.036408263449
2000-12-01,2000,Other,167,0.034158314584
2000-12-01,2000,Transportation and Utilities,168,0.034362855390
2000-12-01,2000,Information,151,0.030885661690
2000-12-01,2000,Agriculture,196,0.040089997955
2000-12-01,2000,Mining and Extraction,20,0.004090816118
2001-01-01,2001,Wholesale and Retail Trade,908,0.144978444835
2001-01-01,2001,Manufacturing,911,0.145457448507
2001-01-01,2001,Leisure and hospitality,806,0.128692319974
2001-01-01,2001,Business services,734,0.117196231838
2001-01-01,2001,Construction,836,0.133482356698
2001-01-01,2001,Education and Health,428,0.068337857257
2001-01-01,2001,Government,463,0.073926233434
2001-01-01,2001,Finance,232,0.037042950663
2001-01-01,2001,Self-employed,194,0.030975570813
2001-01-01,2001,Other,197,0.031454574485
2001-01-01,2001,Transportation and Utilities,194,0.030975570813
2001-01-01,2001,Information,161,0.025706530417
2001-01-01,2001,Agriculture,188,0.030017563468
2001-01-01,2001,Mining and Extraction,11,0.001756346799
2001-02-01,2001,Wholesale and Retail Trade,990,0.159961221522
2001-02-01,2001,Manufacturing,902,0.145742446276
2001-02-01,2001,Leisure and hospitality,821,0.132654709969
2001-02-01,2001,Business services,724,0.116981741800
2001-02-01,2001,Construction,826,0.133462594926
2001-02-01,2001,Education and Health,423,0.068347067378
2001-02-01,2001,Government,298,0.048149943448
2001-02-01,2001,Finance,235,0.037970592988
2001-02-01,2001,Self-employed,209,0.033769591210
2001-02-01,2001,Other,243,0.039263208919
2001-02-01,2001,Transportation and Utilities,189,0.030538051381
2001-02-01,2001,Information,109,0.017611892067
2001-02-01,2001,Agriculture,193,0.031184359347
2001-02-01,2001,Mining and Extraction,27,0.004362578769
2001-03-01,2001,Wholesale and Retail Trade,1037,0.168125810636
2001-03-01,2001,Manufacturing,954,0.154669260700
2001-03-01,2001,Leisure and hospitality,817,0.132457846952
2001-03-01,2001,Business services,652,0.105706874189
2001-03-01,2001,Construction,683,0.110732814527
2001-03-01,2001,Education and Health,456,0.073929961089
2001-03-01,2001,Government,355,0.057555123217
2001-03-01,2001,Finance,211,0.034208819715
2001-03-01,2001,Self-employed,181,0.029345006485
2001-03-01,2001,Other,200,0.032425421530
2001-03-01,2001,Transportation and Utilities,193,0.031290531777
2001-03-01,2001,Information,148,0.023994811933
2001-03-01,2001,Agriculture,267,0.043287937743
2001-03-01,2001,Mining and Extraction,14,0.002269779507
2001-04-01,2001,Wholesale and Retail Trade,820,0.146638054363
2001-04-01,2001,Manufacturing,855,0.152896995708
2001-04-01,2001,Leisure and hospitality,744,0.133047210300
2001-04-01,2001,Business services,655,0.117131616595
2001-04-01,2001,Construction,596,0.106580829757
2001-04-01,2001,Education and Health,341,0.060979971388
2001-04-01,2001,Government,369,0.065987124464
2001-04-01,2001,Finance,232,0.041487839771
2001-04-01,2001,Self-employed,216,0.038626609442
2001-04-01,2001,Other,220,0.039341917024
2001-04-01,2001,Transportation and Utilities,232,0.041487839771
2001-04-01,2001,Information,148,0.026466380544
2001-04-01,2001,Agriculture,140,0.025035765379
2001-04-01,2001,Mining and Extraction,24,0.004291845494
2001-05-01,2001,Wholesale and Retail Trade,875,0.160727406319
2001-05-01,2001,Manufacturing,903,0.165870683321
2001-05-01,2001,Leisure and hospitality,731,0.134276267450
2001-05-01,2001,Business services,652,0.119764878766
2001-05-01,2001,Construction,478,0.087803085966
2001-05-01,2001,Education and Health,390,0.071638501102
2001-05-01,2001,Government,361,0.066311535636
2001-05-01,2001,Finance,191,0.035084496694
2001-05-01,2001,Self-employed,206,0.037839823659
2001-05-01,2001,Other,172,0.031594415871
2001-05-01,2001,Transportation and Utilities,178,0.032696546657
2001-05-01,2001,Information,164,0.030124908156
2001-05-01,2001,Agriculture,109,0.020022042616
2001-05-01,2001,Mining and Extraction,34,0.006245407788
2001-06-01,2001,Wholesale and Retail Trade,955,0.156224439719
2001-06-01,2001,Manufacturing,956,0.156388025519
2001-06-01,2001,Leisure and hospitality,821,0.134303942418
2001-06-01,2001,Business services,694,0.113528545722
2001-06-01,2001,Construction,443,0.072468509733
2001-06-01,2001,Education and Health,476,0.077866841158
2001-06-01,2001,Government,525,0.085882545395
2001-06-01,2001,Finance,249,0.040732864387
2001-06-01,2001,Self-employed,187,0.030590544741
2001-06-01,2001,Other,246,0.040242106985
2001-06-01,2001,Transportation and Utilities,242,0.039587763782
2001-06-01,2001,Information,163,0.026664485523
2001-06-01,2001,Agriculture,130,0.021266154098
2001-06-01,2001,Mining and Extraction,26,0.004253230820
2001-07-01,2001,Wholesale and Retail Trade,833,0.133944364046
2001-07-01,2001,Manufacturing,1054,0.169480623895
2001-07-01,2001,Leisure and hospitality,813,0.130728412928
2001-07-01,2001,Business services,731,0.117543013346
2001-07-01,2001,Construction,447,0.071876507477
2001-07-01,2001,Education and Health,513,0.082489146165
2001-07-01,2001,Government,548,0.088117060621
2001-07-01,2001,Finance,289,0.046470493648
2001-07-01,2001,Self-employed,191,0.030712333173
2001-07-01,2001,Other,228,0.036661842740
2001-07-01,2001,Transportation and Utilities,236,0.037948223187
2001-07-01,2001,Information,206,0.033124296511
2001-07-01,2001,Agriculture,113,0.018170123814
2001-07-01,2001,Mining and Extraction,17,0.002733558450
2001-08-01,2001,Wholesale and Retail Trade,928,0.142769230769
2001-08-01,2001,Manufacturing,1023,0.157384615385
2001-08-01,2001,Leisure and hospitality,767,0.118000000000
2001-08-01,2001,Business services,790,0.121538461538
2001-08-01,2001,Construction,522,0.080307692308
2001-08-01,2001,Education and Health,595,0.091538461538
2001-08-01,2001,Government,540,0.083076923077
2001-08-01,2001,Finance,256,0.039384615385
2001-08-01,2001,Self-employed,243,0.037384615385
2001-08-01,2001,Other,241,0.037076923077
2001-08-01,2001,Transportation and Utilities,226,0.034769230769
2001-08-01,2001,Information,210,0.032307692308
2001-08-01,2001,Agriculture,141,0.021692307692
2001-08-01,2001,Mining and Extraction,18,0.002769230769
2001-09-01,2001,Wholesale and Retail Trade,936,0.147867298578
2001-09-01,2001,Manufacturing,996,0.157345971564
2001-09-01,2001,Leisure and hospitality,900,0.142180094787
2001-09-01,2001,Business services,810,0.127962085308
2001-09-01,2001,Construction,489,0.077251184834
2001-09-01,2001,Education and Health,455,0.071879936809
2001-09-01,2001,Government,438,0.069194312796
2001-09-01,2001,Finance,268,0.042338072670
2001-09-01,2001,Self-employed,256,0.040442338073
2001-09-01,2001,Other,225,0.035545023697
2001-09-01,2001,Transportation and Utilities,214,0.033807266983
2001-09-01,2001,Information,219,0.034597156398
2001-09-01,2001,Agriculture,101,0.015955766193
2001-09-01,2001,Mining and Extraction,23,0.003633491311
2001-10-01,2001,Wholesale and Retail Trade,941,0.139614243323
2001-10-01,2001,Manufacturing,1065,0.158011869436
2001-10-01,2001,Leisure and hospitality,903,0.133976261128
2001-10-01,2001,Business services,910,0.135014836795
2001-10-01,2001,Construction,535,0.079376854599
2001-10-01,2001,Education and Health,486,0.072106824926
2001-10-01,2001,Government,429,0.063649851632
2001-10-01,2001,Finance,281,0.041691394659
2001-10-01,2001,Self-employed,247,0.036646884273
2001-10-01,2001,Other,239,0.035459940653
2001-10-01,2001,Transportation and Utilities,321,0.047626112760
2001-10-01,2001,Information,233,0.034569732938
2001-10-01,2001,Agriculture,118,0.017507418398
2001-10-01,2001,Mining and Extraction,32,0.004747774481
2001-11-01,2001,Wholesale and Retail Trade,1046,0.146109791870
2001-11-01,2001,Manufacturing,1108,0.154770219304
2001-11-01,2001,Leisure and hospitality,935,0.130604833077
2001-11-01,2001,Business services,946,0.132141360525
2001-11-01,2001,Construction,670,0.093588490013
2001-11-01,2001,Education and Health,516,0.072077105741
2001-11-01,2001,Government,420,0.058667411650
2001-11-01,2001,Finance,320,0.044698980305
2001-11-01,2001,Self-employed,234,0.032686129348
2001-11-01,2001,Other,256,0.035759184244
2001-11-01,2001,Transportation and Utilities,302,0.042184662662
2001-11-01,2001,Information,241,0.033663919542
2001-11-01,2001,Agriculture,145,0.020254225450
2001-11-01,2001,Mining and Extraction,20,0.002793686269
2001-12-01,2001,Wholesale and Retail Trade,1074,0.145528455285
2001-12-01,2001,Manufacturing,1172,0.158807588076
2001-12-01,2001,Leisure and hospitality,938,0.127100271003
2001-12-01,2001,Business services,921,0.124796747967
2001-12-01,2001,Construction,785,0.106368563686
2001-12-01,2001,Education and Health,483,0.065447154472
2001-12-01,2001,Government,419,0.056775067751
2001-12-01,2001,Finance,258,0.034959349593
2001-12-01,2001,Self-employed,249,0.033739837398
2001-12-01,2001,Other,277,0.037533875339
2001-12-01,2001,Transportation and Utilities,310,0.042005420054
2001-12-01,2001,Information,275,0.037262872629
2001-12-01,2001,Agriculture,192,0.026016260163
2001-12-01,2001,Mining and Extraction,27,0.003658536585
2002-01-01,2002,Wholesale and Retail Trade,1212,0.140407784986
2002-01-01,2002,Manufacturing,1377,0.159522706209
2002-01-01,2002,Leisure and hospitality,947,0.109708063021
2002-01-01,2002,Business services,1120,0.129749768304
2002-01-01,2002,Construction,1211,0.140291936979
2002-01-01,2002,Education and Health,586,0.067886932345
2002-01-01,2002,Government,486,0.056302131603
2002-01-01,2002,Finance,267,0.030931417980
2002-01-01,2002,Self-employed,263,0.030468025950
2002-01-01,2002,Other,304,0.035217794254
2002-01-01,2002,Transportation and Utilities,368,0.042632066728
2002-01-01,2002,Information,263,0.030468025950
2002-01-01,2002,Agriculture,195,0.022590361446
2002-01-01,2002,Mining and Extraction,33,0.003822984245
2002-02-01,2002,Wholesale and Retail Trade,1264,0.150422468166
2002-02-01,2002,Manufacturing,1296,0.154230631917
2002-02-01,2002,Leisure and hospitality,973,0.115791979055
2002-02-01,2002,Business services,973,0.115791979055
2002-02-01,2002,Construction,1060,0.126145424253
2002-02-01,2002,Education and Health,590,0.070213019160
2002-02-01,2002,Government,508,0.060454599548
2002-02-01,2002,Finance,318,0.037843627276
2002-02-01,2002,Self-employed,250,0.029751279305
2002-02-01,2002,Other,339,0.040342734738
2002-02-01,2002,Transportation and Utilities,331,0.039390693800
2002-02-01,2002,Information,279,0.033202427704
2002-02-01,2002,Agriculture,187,0.022253956920
2002-02-01,2002,Mining and Extraction,35,0.004165179103
2002-03-01,2002,Wholesale and Retail Trade,1269,0.152965284474
2002-03-01,2002,Manufacturing,1367,0.164778206365
2002-03-01,2002,Leisure and hospitality,976,0.117647058824
2002-03-01,2002,Business services,964,0.116200578592
2002-03-01,2002,Construction,1009,0.121624879460
2002-03-01,2002,Education and Health,540,0.065091610415
2002-03-01,2002,Government,477,0.057497589200
2002-03-01,2002,Finance,287,0.034594985535
2002-03-01,2002,Self-employed,217,0.026157184185
2002-03-01,2002,Other,314,0.037849566056
2002-03-01,2002,Transportation and Utilities,313,0.037729026037
2002-03-01,2002,Information,266,0.032063645130
2002-03-01,2002,Agriculture,269,0.032425265188
2002-03-01,2002,Mining and Extraction,28,0.003375120540
2002-04-01,2002,Wholesale and Retail Trade,1222,0.157089600206
2002-04-01,2002,Manufacturing,1322,0.169944722972
2002-04-01,2002,Leisure and hospitality,953,0.122509319964
2002-04-01,2002,Business services,951,0.122252217509
2002-04-01,2002,Construction,855,0.109911299653
2002-04-01,2002,Education and Health,493,0.063375755238
2002-04-01,2002,Government,447,0.057462398766
2002-04-01,2002,Finance,292,0.037536958478
2002-04-01,2002,Self-employed,255,0.032780563054
2002-04-01,2002,Other,268,0.034451729014
2002-04-01,2002,Transportation and Utilities,280,0.035994343746
2002-04-01,2002,Information,257,0.033037665510
2002-04-01,2002,Agriculture,151,0.019411235377
2002-04-01,2002,Mining and Extraction,33,0.004242190513
2002-05-01,2002,Wholesale and Retail Trade,1138,0.152159379596
2002-05-01,2002,Manufacturing,1194,0.159647011633
2002-05-01,2002,Leisure and hospitality,1022,0.136649284664
2002-05-01,2002,Business services,983,0.131434683781
2002-05-01,2002,Construction,626,0.083701029549
2002-05-01,2002,Education and Health,533,0.071266212060
2002-05-01,2002,Government,484,0.064714534029
2002-05-01,2002,Finance,340,0.045460623078
2002-05-01,2002,Self-employed,264,0.035298836743
2002-05-01,2002,Other,264,0.035298836743
2002-05-01,2002,Transportation and Utilities,257,0.034362882738
2002-05-01,2002,Information,260,0.034764005883
2002-05-01,2002,Agriculture,89,0.011899986629
2002-05-01,2002,Mining and Extraction,25,0.003342692873
2002-06-01,2002,Wholesale and Retail Trade,1240,0.156190956040
2002-06-01,2002,Manufacturing,1187,0.149515052274
2002-06-01,2002,Leisure and hospitality,1034,0.130243103665
2002-06-01,2002,Business services,1079,0.135911323844
2002-06-01,2002,Construction,593,0.074694545913
2002-06-01,2002,Education and Health,638,0.080362766091
2002-06-01,2002,Government,561,0.070663811563
2002-06-01,2002,Finance,373,0.046983247260
2002-06-01,2002,Self-employed,246,0.030986270311
2002-06-01,2002,Other,335,0.042196750220
2002-06-01,2002,Transportation and Utilities,274,0.034513162867
2002-06-01,2002,Information,255,0.032119914347
2002-06-01,2002,Agriculture,89,0.011210479909
2002-06-01,2002,Mining and Extraction,35,0.004408615695
2002-07-01,2002,Wholesale and Retail Trade,1132,0.142965395302
2002-07-01,2002,Manufacturing,1185,0.149659004799
2002-07-01,2002,Leisure and hospitality,999,0.126168224299
2002-07-01,2002,Business services,1075,0.135766607729
2002-07-01,2002,Construction,594,0.075018944178
2002-07-01,2002,Education and Health,671,0.084743622127
2002-07-01,2002,Government,645,0.081459964638
2002-07-01,2002,Finance,345,0.043571608992
2002-07-01,2002,Self-employed,249,0.031447335186
2002-07-01,2002,Other,356,0.044960848699
2002-07-01,2002,Transportation and Utilities,270,0.034099520081
2002-07-01,2002,Information,264,0.033341752968
2002-07-01,2002,Agriculture,114,0.014397575145
2002-07-01,2002,Mining and Extraction,19,0.002399595858
2002-08-01,2002,Wholesale and Retail Trade,1170,0.153684487062
2002-08-01,2002,Manufacturing,1108,0.145540522790
2002-08-01,2002,Leisure and hospitality,884,0.116117168002
2002-08-01,2002,Business services,926,0.121634047025
2002-08-01,2002,Construction,654,0.085905687640
2002-08-01,2002,Education and Health,660,0.086693813214
2002-08-01,2002,Government,596,0.078287140418
2002-08-01,2002,Finance,343,0.045054512019
2002-08-01,2002,Self-employed,271,0.035597005123
2002-08-01,2002,Other,353,0.046368054643
2002-08-01,2002,Transportation and Utilities,221,0.029029292001
2002-08-01,2002,Information,270,0.035465650860
2002-08-01,2002,Agriculture,125,0.016419282806
2002-08-01,2002,Mining and Extraction,32,0.004203336398
2002-09-01,2002,Wholesale and Retail Trade,1171,0.160586944597
2002-09-01,2002,Manufacturing,1076,0.147558968733
2002-09-01,2002,Leisure and hospitality,885,0.121365880417
2002-09-01,2002,Business services,1007,0.138096544158
2002-09-01,2002,Construction,615,0.084339001646
2002-09-01,2002,Education and Health,562,0.077070762479
2002-09-01,2002,Government,530,0.072682391662
2002-09-01,2002,Finance,299,0.041003839824
2002-09-01,2002,Self-employed,266,0.036478332419
2002-09-01,2002,Other,281,0.038535381240
2002-09-01,2002,Transportation and Utilities,235,0.032227098190
2002-09-01,2002,Information,231,0.031678551838
2002-09-01,2002,Agriculture,92,0.012616566100
2002-09-01,2002,Mining and Extraction,42,0.005759736698
2002-10-01,2002,Wholesale and Retail Trade,1212,0.165190132207
2002-10-01,2002,Manufacturing,1046,0.142565081096
2002-10-01,2002,Leisure and hospitality,956,0.130298487120
2002-10-01,2002,Business services,962,0.131116260052
2002-10-01,2002,Construction,680,0.092680932261
2002-10-01,2002,Education and Health,517,0.070464767616
2002-10-01,2002,Government,499,0.068011448821
2002-10-01,2002,Finance,312,0.042524192449
2002-10-01,2002,Self-employed,275,0.037481259370
2002-10-01,2002,Other,272,0.037072372904
2002-10-01,2002,Transportation and Utilities,262,0.035709418018
2002-10-01,2002,Information,211,0.028758348099
2002-10-01,2002,Agriculture,97,0.013220662396
2002-10-01,2002,Mining and Extraction,36,0.004906637590
2002-11-01,2002,Wholesale and Retail Trade,1242,0.162927981110
2002-11-01,2002,Manufacturing,1115,0.146267873541
2002-11-01,2002,Leisure and hospitality,978,0.128295946478
2002-11-01,2002,Business services,1029,0.134986225895
2002-11-01,2002,Construction,758,0.099435917618
2002-11-01,2002,Education and Health,493,0.064672701036
2002-11-01,2002,Government,468,0.061393152302
2002-11-01,2002,Finance,337,0.044208316936
2002-11-01,2002,Self-employed,297,0.038961038961
2002-11-01,2002,Other,284,0.037255673619
2002-11-01,2002,Transportation and Utilities,233,0.030565394202
2002-11-01,2002,Information,220,0.028860028860
2002-11-01,2002,Agriculture,137,0.017971927063
2002-11-01,2002,Mining and Extraction,32,0.004197822380
2002-12-01,2002,Wholesale and Retail Trade,1150,0.147511544382
2002-12-01,2002,Manufacturing,1188,0.152385838892
2002-12-01,2002,Leisure and hospitality,922,0.118265777322
2002-12-01,2002,Business services,1038,0.133145202668
2002-12-01,2002,Construction,941,0.120702924577
2002-12-01,2002,Education and Health,558,0.071575166752
2002-12-01,2002,Government,446,0.057208825038
2002-12-01,2002,Finance,322,0.041303232427
2002-12-01,2002,Self-employed,327,0.041944586968
2002-12-01,2002,Other,241,0.030913288866
2002-12-01,2002,Transportation and Utilities,243,0.031169830682
2002-12-01,2002,Information,255,0.032709081580
2002-12-01,2002,Agriculture,120,0.015392508979
2002-12-01,2002,Mining and Extraction,45,0.005772190867
2003-01-01,2003,Wholesale and Retail Trade,1342,0.151245351065
2003-01-01,2003,Manufacturing,1302,0.146737292911
2003-01-01,2003,Leisure and hospitality,1049,0.118223825087
2003-01-01,2003,Business services,1112,0.125324016680
2003-01-01,2003,Construction,1196,0.134790938803
2003-01-01,2003,Education and Health,559,0.063000112701
2003-01-01,2003,Government,571,0.064352530148
2003-01-01,2003,Finance,327,0.036853375409
2003-01-01,2003,Self-employed,324,0.036515271047
2003-01-01,2003,Other,304,0.034261241970
2003-01-01,2003,Transportation and Utilities,331,0.037304181224
2003-01-01,2003,Information,243,0.027386453285
2003-01-01,2003,Agriculture,159,0.017919531162
2003-01-01,2003,Mining and Extraction,54,0.006085878508
2003-02-01,2003,Wholesale and Retail Trade,1238,0.141018339219
2003-02-01,2003,Manufacturing,1229,0.139993165509
2003-02-01,2003,Leisure and hospitality,1145,0.130424877549
2003-02-01,2003,Business services,1140,0.129855336599
2003-02-01,2003,Construction,1173,0.133614306869
2003-02-01,2003,Education and Health,576,0.065611117439
2003-02-01,2003,Government,483,0.055017655769
2003-02-01,2003,Finance,310,0.035311538900
2003-02-01,2003,Self-employed,304,0.034628089760
2003-02-01,2003,Other,331,0.037703610890
2003-02-01,2003,Transportation and Utilities,316,0.035994988040
2003-02-01,2003,Information,321,0.036564528990
2003-02-01,2003,Agriculture,172,0.019592208680
2003-02-01,2003,Mining and Extraction,41,0.004670235790
2003-03-01,2003,Wholesale and Retail Trade,1179,0.139427625355
2003-03-01,2003,Manufacturing,1222,0.144512771996
2003-03-01,2003,Leisure and hospitality,1035,0.122398297067
2003-03-01,2003,Business services,1190,0.140728476821
2003-03-01,2003,Construction,987,0.116721854305
2003-03-01,2003,Education and Health,518,0.061258278146
2003-03-01,2003,Government,526,0.062204351939
2003-03-01,2003,Finance,357,0.042218543046
2003-03-01,2003,Self-employed,279,0.032994323557
2003-03-01,2003,Other,370,0.043755912961
2003-03-01,2003,Transportation and Utilities,319,0.037724692526
2003-03-01,2003,Information,267,0.031575212867
2003-03-01,2003,Agriculture,161,0.019039735099
2003-03-01,2003,Mining and Extraction,46,0.005439924314
2003-04-01,2003,Wholesale and Retail Trade,1201,0.151564866229
2003-04-01,2003,Manufacturing,1199,0.151312468450
2003-04-01,2003,Leisure and hospitality,986,0.124432104997
2003-04-01,2003,Business services,1076,0.135790005048
2003-04-01,2003,Construction,772,0.097425542655
2003-04-01,2003,Education and Health,611,0.077107521454
2003-04-01,2003,Government,440,0.055527511358
2003-04-01,2003,Finance,323,0.040762241292
2003-04-01,2003,Self-employed,248,0.031297324584
2003-04-01,2003,Other,331,0.041771832408
2003-04-01,2003,Transportation and Utilities,274,0.034578495709
2003-04-01,2003,Information,268,0.033821302373
2003-04-01,2003,Agriculture,154,0.019434628975
2003-04-01,2003,Mining and Extraction,41,0.005174154467
2003-05-01,2003,Wholesale and Retail Trade,1247,0.158208576503
2003-05-01,2003,Manufacturing,1150,0.145902055316
2003-05-01,2003,Leisure and hospitality,955,0.121162141588
2003-05-01,2003,Business services,1105,0.140192844456
2003-05-01,2003,Construction,715,0.090713017001
2003-05-01,2003,Education and Health,618,0.078406495813
2003-05-01,2003,Government,478,0.060644506470
2003-05-01,2003,Finance,320,0.040598832784
2003-05-01,2003,Self-employed,271,0.034382136514
2003-05-01,2003,Other,339,0.043009388480
2003-05-01,2003,Transportation and Utilities,260,0.032986551637
2003-05-01,2003,Information,251,0.031844709465
2003-05-01,2003,Agriculture,133,0.016873889876
2003-05-01,2003,Mining and Extraction,40,0.005074854098
2003-06-01,2003,Wholesale and Retail Trade,1434,0.165397923875
2003-06-01,2003,Manufacturing,1232,0.142099192618
2003-06-01,2003,Leisure and hospitality,1048,0.120876585928
2003-06-01,2003,Business services,1092,0.125951557093
2003-06-01,2003,Construction,710,0.081891580161
2003-06-01,2003,Education and Health,769,0.088696655133
2003-06-01,2003,Government,704,0.081199538639
2003-06-01,2003,Finance,358,0.041291810842
2003-06-01,2003,Self-employed,295,0.034025374856
2003-06-01,2003,Other,359,0.041407151096
2003-06-01,2003,Transportation and Utilities,300,0.034602076125
2003-06-01,2003,Information,239,0.027566320646
2003-06-01,2003,Agriculture,94,0.010841983852
2003-06-01,2003,Mining and Extraction,36,0.004152249135
2003-07-01,2003,Wholesale and Retail Trade,1387,0.165671285237
2003-07-01,2003,Manufacturing,1193,0.142498805542
2003-07-01,2003,Leisure and hospitality,1020,0.121834687052
2003-07-01,2003,Business services,1021,0.121954132824
2003-07-01,2003,Construction,677,0.080864787387
2003-07-01,2003,Education and Health,697,0.083253702819
2003-07-01,2003,Government,749,0.089464882943
2003-07-01,2003,Finance,284,0.033922599140
2003-07-01,2003,Self-employed,270,0.032250358337
2003-07-01,2003,Other,405,0.048375537506
2003-07-01,2003,Transportation and Utilities,289,0.034519827998
2003-07-01,2003,Information,224,0.026755852843
2003-07-01,2003,Agriculture,113,0.013497372193
2003-07-01,2003,Mining and Extraction,43,0.005136168180
2003-08-01,2003,Wholesale and Retail Trade,1161,0.142945087417
2003-08-01,2003,Manufacturing,1186,0.146023147008
2003-08-01,2003,Leisure and hospitality,1050,0.129278502832
2003-08-01,2003,Business services,881,0.108470819995
2003-08-01,2003,Construction,650,0.080029549372
2003-08-01,2003,Education and Health,760,0.093573011574
2003-08-01,2003,Government,745,0.091726175819
2003-08-01,2003,Finance,342,0.042107855208
2003-08-01,2003,Self-employed,302,0.037182959862
2003-08-01,2003,Other,373,0.045924649101
2003-08-01,2003,Transportation and Utilities,255,0.031396207831
2003-08-01,2003,Information,224,0.027579413937
2003-08-01,2003,Agriculture,173,0.021300172371
2003-08-01,2003,Mining and Extraction,20,0.002462447673
2003-09-01,2003,Wholesale and Retail Trade,1229,0.157584305680
2003-09-01,2003,Manufacturing,1175,0.150660341069
2003-09-01,2003,Leisure and hospitality,978,0.125400692396
2003-09-01,2003,Business services,975,0.125016027696
2003-09-01,2003,Construction,681,0.087318887037
2003-09-01,2003,Education and Health,649,0.083215796897
2003-09-01,2003,Government,556,0.071291191178
2003-09-01,2003,Finance,305,0.039107577895
2003-09-01,2003,Self-employed,287,0.036799589691
2003-09-01,2003,Other,338,0.043338889601
2003-09-01,2003,Transportation and Utilities,255,0.032696499551
2003-09-01,2003,Information,248,0.031798948583
2003-09-01,2003,Agriculture,98,0.012565713553
2003-09-01,2003,Mining and Extraction,25,0.003205539172
2003-10-01,2003,Wholesale and Retail Trade,1189,0.156550362080
2003-10-01,2003,Manufacturing,1041,0.137063857801
2003-10-01,2003,Leisure and hospitality,933,0.122843976300
2003-10-01,2003,Business services,1014,0.133508887426
2003-10-01,2003,Construction,651,0.085714285714
2003-10-01,2003,Education and Health,639,0.084134298881
2003-10-01,2003,Government,500,0.065832784727
2003-10-01,2003,Finance,303,0.039894667544
2003-10-01,2003,Self-employed,338,0.044502962475
2003-10-01,2003,Other,378,0.049769585253
2003-10-01,2003,Transportation and Utilities,260,0.034233048058
2003-10-01,2003,Information,182,0.023963133641
2003-10-01,2003,Agriculture,136,0.017906517446
2003-10-01,2003,Mining and Extraction,31,0.004081632653
2003-11-01,2003,Wholesale and Retail Trade,1156,0.149896265560
2003-11-01,2003,Manufacturing,1034,0.134076763485
2003-11-01,2003,Leisure and hospitality,990,0.128371369295
2003-11-01,2003,Business services,948,0.122925311203
2003-11-01,2003,Construction,690,0.089470954357
2003-11-01,2003,Education and Health,662,0.085840248963
2003-11-01,2003,Government,542,0.070280082988
2003-11-01,2003,Finance,311,0.040326763485
2003-11-01,2003,Self-employed,308,0.039937759336
2003-11-01,2003,Other,357,0.046291493776
2003-11-01,2003,Transportation and Utilities,275,0.035658713693
2003-11-01,2003,Information,257,0.033324688797
2003-11-01,2003,Agriculture,148,0.019190871369
2003-11-01,2003,Mining and Extraction,34,0.004408713693
2003-12-01,2003,Wholesale and Retail Trade,1081,0.145923326134
2003-12-01,2003,Manufacturing,1025,0.138363930886
2003-12-01,2003,Leisure and hospitality,885,0.119465442765
2003-12-01,2003,Business services,948,0.127969762419
2003-12-01,2003,Construction,813,0.109746220302
2003-12-01,2003,Education and Health,620,0.083693304536
2003-12-01,2003,Government,516,0.069654427646
2003-12-01,2003,Finance,283,0.038201943844
2003-12-01,2003,Self-employed,299,0.040361771058
2003-12-01,2003,Other,278,0.037526997840
2003-12-01,2003,Transportation and Utilities,267,0.036042116631
2003-12-01,2003,Information,224,0.030237580994
2003-12-01,2003,Agriculture,137,0.018493520518
2003-12-01,2003,Mining and Extraction,32,0.004319654428
2004-01-01,2004,Wholesale and Retail Trade,1389,0.162380173018
2004-01-01,2004,Manufacturing,1110,0.129763853168
2004-01-01,2004,Leisure and hospitality,1097,0.128244096329
2004-01-01,2004,Business services,1070,0.125087678279
2004-01-01,2004,Construction,994,0.116202945990
2004-01-01,2004,Education and Health,662,0.077390694412
2004-01-01,2004,Government,511,0.059738134206
2004-01-01,2004,Finance,403,0.047112462006
2004-01-01,2004,Self-employed,302,0.035305120412
2004-01-01,2004,Other,322,0.037643207856
2004-01-01,2004,Transportation and Utilities,243,0.028407762450
2004-01-01,2004,Information,236,0.027589431845
2004-01-01,2004,Agriculture,184,0.021510404489
2004-01-01,2004,Mining and Extraction,31,0.003624035539
2004-02-01,2004,Wholesale and Retail Trade,1369,0.166605817208
2004-02-01,2004,Manufacturing,1094,0.133138615066
2004-02-01,2004,Leisure and hospitality,987,0.120116830960
2004-02-01,2004,Business services,964,0.117317755872
2004-02-01,2004,Construction,1039,0.126445174638
2004-02-01,2004,Education and Health,608,0.073992941463
2004-02-01,2004,Government,490,0.059632469271
2004-02-01,2004,Finance,363,0.044176706827
2004-02-01,2004,Self-employed,260,0.031641718389
2004-02-01,2004,Other,366,0.044541803578
2004-02-01,2004,Transportation and Utilities,291,0.035414384812
2004-02-01,2004,Information,194,0.023609589875
2004-02-01,2004,Agriculture,168,0.020445418036
2004-02-01,2004,Mining and Extraction,24,0.002920774005
2004-03-01,2004,Wholesale and Retail Trade,1386,0.167472208797
2004-03-01,2004,Manufacturing,1083,0.130860318995
2004-03-01,2004,Leisure and hospitality,1039,0.125543740938
2004-03-01,2004,Business services,999,0.120710488159
2004-03-01,2004,Construction,1011,0.122160463992
2004-03-01,2004,Education and Health,584,0.070565490575
2004-03-01,2004,Government,530,0.064040599323
2004-03-01,2004,Finance,343,0.041445142581
2004-03-01,2004,Self-employed,260,0.031416143064
2004-03-01,2004,Other,366,0.044224262929
2004-03-01,2004,Transportation and Utilities,284,0.034316094732
2004-03-01,2004,Information,216,0.026099565007
2004-03-01,2004,Agriculture,153,0.018487191880
2004-03-01,2004,Mining and Extraction,22,0.002658289029
2004-04-01,2004,Wholesale and Retail Trade,1248,0.172161677473
2004-04-01,2004,Manufacturing,1004,0.138501862326
2004-04-01,2004,Leisure and hospitality,925,0.127603807422
2004-04-01,2004,Business services,752,0.103738446682
2004-04-01,2004,Construction,849,0.117119602704
2004-04-01,2004,Education and Health,589,0.081252586564
2004-04-01,2004,Government,433,0.059732376880
2004-04-01,2004,Finance,312,0.043040419368
2004-04-01,2004,Self-employed,242,0.033383915023
2004-04-01,2004,Other,347,0.047868671541
2004-04-01,2004,Transportation and Utilities,239,0.032970064837
2004-04-01,2004,Information,168,0.023175610429
2004-04-01,2004,Agriculture,107,0.014760656642
2004-04-01,2004,Mining and Extraction,34,0.004690302111
2004-05-01,2004,Wholesale and Retail Trade,1183,0.166901805869
2004-05-01,2004,Manufacturing,966,0.136286681716
2004-05-01,2004,Leisure and hospitality,977,0.137838600451
2004-05-01,2004,Business services,819,0.115547404063
2004-05-01,2004,Construction,665,0.093820541761
2004-05-01,2004,Education and Health,570,0.080417607223
2004-05-01,2004,Government,468,0.066027088036
2004-05-01,2004,Finance,302,0.042607223476
2004-05-01,2004,Self-employed,287,0.040490970655
2004-05-01,2004,Other,310,0.043735891648
2004-05-01,2004,Transportation and Utilities,230,0.032449209932
2004-05-01,2004,Information,190,0.026805869074
2004-05-01,2004,Agriculture,99,0.013967268623
2004-05-01,2004,Mining and Extraction,22,0.003103837472
2004-06-01,2004,Wholesale and Retail Trade,1182,0.154348393837
2004-06-01,2004,Manufacturing,957,0.124967354401
2004-06-01,2004,Leisure and hospitality,1189,0.155262470619
2004-06-01,2004,Business services,814,0.106294071559
2004-06-01,2004,Construction,668,0.087229041525
2004-06-01,2004,Education and Health,769,0.100417863672
2004-06-01,2004,Government,580,0.075737790546
2004-06-01,2004,Finance,335,0.043745103160
2004-06-01,2004,Self-employed,306,0.039958213633
2004-06-01,2004,Other,326,0.042569861583
2004-06-01,2004,Transportation and Utilities,227,0.029642204231
2004-06-01,2004,Information,172,0.022460172369
2004-06-01,2004,Agriculture,106,0.013841734134
2004-06-01,2004,Mining and Extraction,27,0.003525724732
2004-07-01,2004,Wholesale and Retail Trade,1163,0.154448871182
2004-07-01,2004,Manufacturing,1019,0.135325365206
2004-07-01,2004,Leisure and hospitality,965,0.128154050465
2004-07-01,2004,Business services,790,0.104913678619
2004-07-01,2004,Construction,610,0.081009296149
2004-07-01,2004,Education and Health,725,0.096281540505
2004-07-01,2004,Government,741,0.098406374502
2004-07-01,2004,Finance,307,0.040770252324
2004-07-01,2004,Self-employed,291,0.038645418327
2004-07-01,2004,Other,346,0.045949535193
2004-07-01,2004,Transportation and Utilities,231,0.030677290837
2004-07-01,2004,Information,174,0.023107569721
2004-07-01,2004,Agriculture,140,0.018592297477
2004-07-01,2004,Mining and Extraction,28,0.003718459495
2004-08-01,2004,Wholesale and Retail Trade,1079,0.150341368260
2004-08-01,2004,Manufacturing,840,0.117040546189
2004-08-01,2004,Leisure and hospitality,1010,0.140727323394
2004-08-01,2004,Business services,845,0.117737216107
2004-08-01,2004,Construction,563,0.078445032743
2004-08-01,2004,Education and Health,647,0.090149087362
2004-08-01,2004,Government,676,0.094189772886
2004-08-01,2004,Finance,312,0.043472202870
2004-08-01,2004,Self-employed,324,0.045144210673
2004-08-01,2004,Other,341,0.047512888393
2004-08-01,2004,Transportation and Utilities,236,0.032882820120
2004-08-01,2004,Information,191,0.026612790860
2004-08-01,2004,Agriculture,103,0.014351400307
2004-08-01,2004,Mining and Extraction,10,0.001393339836
2004-09-01,2004,Wholesale and Retail Trade,1127,0.163522925131
2004-09-01,2004,Manufacturing,852,0.123621590250
2004-09-01,2004,Leisure and hospitality,854,0.123911781776
2004-09-01,2004,Business services,750,0.108821822403
2004-09-01,2004,Construction,629,0.091265235055
2004-09-01,2004,Education and Health,593,0.086041787580
2004-09-01,2004,Government,568,0.082414393500
2004-09-01,2004,Finance,374,0.054265815438
2004-09-01,2004,Self-employed,362,0.052524666280
2004-09-01,2004,Other,301,0.043673824724
2004-09-01,2004,Transportation and Utilities,208,0.030179918746
2004-09-01,2004,Information,178,0.025827045850
2004-09-01,2004,Agriculture,88,0.012768427162
2004-09-01,2004,Mining and Extraction,8,0.001160766106
2004-10-01,2004,Wholesale and Retail Trade,1138,0.165937591134
2004-10-01,2004,Manufacturing,884,0.128900554097
2004-10-01,2004,Leisure and hospitality,853,0.124380285798
2004-10-01,2004,Business services,781,0.113881598134
2004-10-01,2004,Construction,635,0.092592592593
2004-10-01,2004,Education and Health,526,0.076698745990
2004-10-01,2004,Government,561,0.081802274716
2004-10-01,2004,Finance,358,0.052201808107
2004-10-01,2004,Self-employed,301,0.043890347040
2004-10-01,2004,Other,300,0.043744531934
2004-10-01,2004,Transportation and Utilities,219,0.031933508311
2004-10-01,2004,Information,185,0.026975794692
2004-10-01,2004,Agriculture,102,0.014873140857
2004-10-01,2004,Mining and Extraction,15,0.002187226597
2004-11-01,2004,Wholesale and Retail Trade,1045,0.149094021972
2004-11-01,2004,Manufacturing,905,0.129119703239
2004-11-01,2004,Leisure and hospitality,916,0.130689113996
2004-11-01,2004,Business services,872,0.124411470966
2004-11-01,2004,Construction,695,0.099158225139
2004-11-01,2004,Education and Health,570,0.081324011985
2004-11-01,2004,Government,514,0.073334284491
2004-11-01,2004,Finance,290,0.041375374518
2004-11-01,2004,Self-employed,353,0.050363817948
2004-11-01,2004,Other,294,0.041946069339
2004-11-01,2004,Transportation and Utilities,217,0.030960194036
2004-11-01,2004,Information,187,0.026679982879
2004-11-01,2004,Agriculture,131,0.018690255386
2004-11-01,2004,Mining and Extraction,20,0.002853474105
2004-12-01,2004,Wholesale and Retail Trade,1058,0.150049638349
2004-12-01,2004,Manufacturing,872,0.123670401362
2004-12-01,2004,Leisure and hospitality,850,0.120550276557
2004-12-01,2004,Business services,875,0.124095872926
2004-12-01,2004,Construction,870,0.123386753652
2004-12-01,2004,Education and Health,562,0.079705006382
2004-12-01,2004,Government,499,0.070770103531
2004-12-01,2004,Finance,290,0.041128917884
2004-12-01,2004,Self-employed,341,0.048361934477
2004-12-01,2004,Other,276,0.039143383917
2004-12-01,2004,Transportation and Utilities,204,0.028932066374
2004-12-01,2004,Information,173,0.024535526876
2004-12-01,2004,Agriculture,165,0.023400936037
2004-12-01,2004,Mining and Extraction,16,0.002269181676
2005-01-01,2005,Wholesale and Retail Trade,1302,0.164747564216
2005-01-01,2005,Manufacturing,889,0.112488928255
2005-01-01,2005,Leisure and hospitality,993,0.125648487916
2005-01-01,2005,Business services,958,0.121219789953
2005-01-01,2005,Construction,1079,0.136530431482
2005-01-01,2005,Education and Health,613,0.077565481463
2005-01-01,2005,Government,555,0.070226496267
2005-01-01,2005,Finance,252,0.031886625332
2005-01-01,2005,Self-employed,346,0.043780842718
2005-01-01,2005,Other,290,0.036694925977
2005-01-01,2005,Transportation and Utilities,276,0.034923446792
2005-01-01,2005,Information,168,0.021257750221
2005-01-01,2005,Agriculture,153,0.019359736809
2005-01-01,2005,Mining and Extraction,29,0.003669492598
2005-02-01,2005,Wholesale and Retail Trade,1301,0.164164037855
2005-02-01,2005,Manufacturing,889,0.112176656151
2005-02-01,2005,Leisure and hospitality,1008,0.127192429022
2005-02-01,2005,Business services,916,0.115583596215
2005-02-01,2005,Construction,1150,0.145110410095
2005-02-01,2005,Education and Health,619,0.078107255521
2005-02-01,2005,Government,472,0.059558359621
2005-02-01,2005,Finance,301,0.037981072555
2005-02-01,2005,Self-employed,363,0.045804416404
2005-02-01,2005,Other,325,0.041009463722
2005-02-01,2005,Transportation and Utilities,245,0.030914826498
2005-02-01,2005,Information,204,0.025741324921
2005-02-01,2005,Agriculture,107,0.013501577287
2005-02-01,2005,Mining and Extraction,25,0.003154574132
2005-03-01,2005,Wholesale and Retail Trade,1173,0.159266802444
2005-03-01,2005,Manufacturing,879,0.119348268839
2005-03-01,2005,Leisure and hospitality,967,0.131296673456
2005-03-01,2005,Business services,807,0.109572301426
2005-03-01,2005,Construction,961,0.130482009504
2005-03-01,2005,Education and Health,614,0.083367277665
2005-03-01,2005,Government,468,0.063543788187
2005-03-01,2005,Finance,261,0.035437881874
2005-03-01,2005,Self-employed,312,0.042362525458
2005-03-01,2005,Other,308,0.041819416158
2005-03-01,2005,Transportation and Utilities,267,0.036252545825
2005-03-01,2005,Information,177,0.024032586558
2005-03-01,2005,Agriculture,139,0.018873048201
2005-03-01,2005,Mining and Extraction,32,0.004344874406
2005-04-01,2005,Wholesale and Retail Trade,1131,0.169972948602
2005-04-01,2005,Manufacturing,793,0.119176435227
2005-04-01,2005,Leisure and hospitality,882,0.132551848512
2005-04-01,2005,Business services,714,0.107303877367
2005-04-01,2005,Construction,693,0.104147880974
2005-04-01,2005,Education and Health,591,0.088818755636
2005-04-01,2005,Government,478,0.071836489330
2005-04-01,2005,Finance,255,0.038322813345
2005-04-01,2005,Self-employed,273,0.041027953111
2005-04-01,2005,Other,306,0.045987376014
2005-04-01,2005,Transportation and Utilities,257,0.038623384430
2005-04-01,2005,Information,178,0.026750826570
2005-04-01,2005,Agriculture,84,0.012623985573
2005-04-01,2005,Mining and Extraction,19,0.002855425308
2005-05-01,2005,Wholesale and Retail Trade,1145,0.173985716456
2005-05-01,2005,Manufacturing,743,0.112900774958
2005-05-01,2005,Leisure and hospitality,944,0.143443245707
2005-05-01,2005,Business services,730,0.110925391278
2005-05-01,2005,Construction,567,0.086157118979
2005-05-01,2005,Education and Health,648,0.098465278833
2005-05-01,2005,Government,453,0.068834523629
2005-05-01,2005,Finance,288,0.043762346148
2005-05-01,2005,Self-employed,299,0.045433824647
2005-05-01,2005,Other,314,0.047713113509
2005-05-01,2005,Transportation and Utilities,223,0.033885427747
2005-05-01,2005,Information,145,0.022033125665
2005-05-01,2005,Agriculture,66,0.010028870992
2005-05-01,2005,Mining and Extraction,16,0.002431241453
2005-06-01,2005,Wholesale and Retail Trade,1197,0.173126988719
2005-06-01,2005,Manufacturing,743,0.107463118311
2005-06-01,2005,Leisure and hospitality,950,0.137402371999
2005-06-01,2005,Business services,743,0.107463118311
2005-06-01,2005,Construction,559,0.080850448366
2005-06-01,2005,Education and Health,667,0.096470928551
2005-06-01,2005,Government,681,0.098495805612
2005-06-01,2005,Finance,307,0.044402661267
2005-06-01,2005,Self-employed,268,0.038761932311
2005-06-01,2005,Other,291,0.042088516054
2005-06-01,2005,Transportation and Utilities,247,0.035724616720
2005-06-01,2005,Information,160,0.023141452126
2005-06-01,2005,Agriculture,76,0.010992189760
2005-06-01,2005,Mining and Extraction,25,0.003615851895
2005-07-01,2005,Wholesale and Retail Trade,1194,0.171625700733
2005-07-01,2005,Manufacturing,883,0.126922524076
2005-07-01,2005,Leisure and hospitality,929,0.133534569498
2005-07-01,2005,Business services,804,0.115567054765
2005-07-01,2005,Construction,509,0.073163719994
2005-07-01,2005,Education and Health,635,0.091274974845
2005-07-01,2005,Government,683,0.098174500503
2005-07-01,2005,Finance,309,0.044415696421
2005-07-01,2005,Self-employed,282,0.040534713238
2005-07-01,2005,Other,274,0.039384792296
2005-07-01,2005,Transportation and Utilities,222,0.031910306166
2005-07-01,2005,Information,142,0.020411096737
2005-07-01,2005,Agriculture,69,0.009918068133
2005-07-01,2005,Mining and Extraction,22,0.003162282593
2005-08-01,2005,Wholesale and Retail Trade,1130,0.169975932611
2005-08-01,2005,Manufacturing,767,0.115373044525
2005-08-01,2005,Leisure and hospitality,844,0.126955475331
2005-08-01,2005,Business services,728,0.109506618532
2005-08-01,2005,Construction,561,0.084386281588
2005-08-01,2005,Education and Health,644,0.096871239471
2005-08-01,2005,Government,664,0.099879663057
2005-08-01,2005,Finance,300,0.045126353791
2005-08-01,2005,Self-employed,249,0.037454873646
2005-08-01,2005,Other,306,0.046028880866
2005-08-01,2005,Transportation and Utilities,187,0.028128760529
2005-08-01,2005,Information,156,0.023465703971
2005-08-01,2005,Agriculture,100,0.015042117930
2005-08-01,2005,Mining and Extraction,12,0.001805054152
2005-09-01,2005,Wholesale and Retail Trade,1038,0.155342711763
2005-09-01,2005,Manufacturing,775,0.115983238551
2005-09-01,2005,Leisure and hospitality,842,0.126010176594
2005-09-01,2005,Business services,862,0.129003292427
2005-09-01,2005,Construction,572,0.085603112840
2005-09-01,2005,Education and Health,658,0.098473510925
2005-09-01,2005,Government,568,0.085004489674
2005-09-01,2005,Finance,260,0.038910505837
2005-09-01,2005,Self-employed,282,0.042202933254
2005-09-01,2005,Other,307,0.045944328045
2005-09-01,2005,Transportation and Utilities,211,0.031577372044
2005-09-01,2005,Information,168,0.025142173002
2005-09-01,2005,Agriculture,127,0.019006285543
2005-09-01,2005,Mining and Extraction,12,0.001795869500
2005-10-01,2005,Wholesale and Retail Trade,1050,0.164783427495
2005-10-01,2005,Manufacturing,800,0.125549278092
2005-10-01,2005,Leisure and hospitality,796,0.124921531701
2005-10-01,2005,Business services,748,0.117388575016
2005-10-01,2005,Construction,519,0.081450094162
2005-10-01,2005,Education and Health,628,0.098556183302
2005-10-01,2005,Government,502,0.078782172003
2005-10-01,2005,Finance,255,0.040018832392
2005-10-01,2005,Self-employed,255,0.040018832392
2005-10-01,2005,Other,319,0.050062774639
2005-10-01,2005,Transportation and Utilities,251,0.039391086001
2005-10-01,2005,Information,162,0.025423728814
2005-10-01,2005,Agriculture,85,0.013339610797
2005-10-01,2005,Mining and Extraction,2,0.000313873195
2005-11-01,2005,Wholesale and Retail Trade,1013,0.152514302921
2005-11-01,2005,Manufacturing,823,0.123908461307
2005-11-01,2005,Leisure and hospitality,966,0.145438121048
2005-11-01,2005,Business services,711,0.107046070461
2005-11-01,2005,Construction,564,0.084914182475
2005-11-01,2005,Education and Health,677,0.101927130382
2005-11-01,2005,Government,494,0.074375188196
2005-11-01,2005,Finance,268,0.040349292382
2005-11-01,2005,Self-employed,319,0.048027702499
2005-11-01,2005,Other,300,0.045167118338
2005-11-01,2005,Transportation and Utilities,199,0.029960855164
2005-11-01,2005,Information,172,0.025895814514
2005-11-01,2005,Agriculture,118,0.017765733213
2005-11-01,2005,Mining and Extraction,18,0.002710027100
2005-12-01,2005,Wholesale and Retail Trade,968,0.149891607309
2005-12-01,2005,Manufacturing,757,0.117218953236
2005-12-01,2005,Leisure and hospitality,930,0.144007432642
2005-12-01,2005,Business services,788,0.122019200991
2005-12-01,2005,Construction,813,0.125890368535
2005-12-01,2005,Education and Health,529,0.081913905234
2005-12-01,2005,Government,393,0.060854753794
2005-12-01,2005,Finance,204,0.031588727160
2005-12-01,2005,Self-employed,327,0.050634871477
2005-12-01,2005,Other,269,0.041653762775
2005-12-01,2005,Transportation and Utilities,202,0.031279033757
2005-12-01,2005,Information,128,0.019820377826
2005-12-01,2005,Agriculture,127,0.019665531124
2005-12-01,2005,Mining and Extraction,23,0.003561474141
2006-01-01,2006,Wholesale and Retail Trade,1203,0.170059372349
2006-01-01,2006,Manufacturing,778,0.109980209217
2006-01-01,2006,Leisure and hospitality,910,0.128640090472
2006-01-01,2006,Business services,825,0.116624257846
2006-01-01,2006,Construction,868,0.122702855527
2006-01-01,2006,Education and Health,593,0.083828102912
2006-01-01,2006,Government,457,0.064602770710
2006-01-01,2006,Finance,233,0.032937517670
2006-01-01,2006,Self-employed,341,0.048204693243
2006-01-01,2006,Other,308,0.043539722929
2006-01-01,2006,Transportation and Utilities,287,0.040571105457
2006-01-01,2006,Information,105,0.014843087362
2006-01-01,2006,Agriculture,140,0.019790783150
2006-01-01,2006,Mining and Extraction,26,0.003675431156
2006-02-01,2006,Wholesale and Retail Trade,1141,0.160636350838
2006-02-01,2006,Manufacturing,821,0.115584964100
2006-02-01,2006,Leisure and hospitality,1040,0.146417006898
2006-02-01,2006,Business services,841,0.118400675771
2006-02-01,2006,Construction,836,0.117696747853
2006-02-01,2006,Education and Health,528,0.074334788118
2006-02-01,2006,Government,472,0.066450795439
2006-02-01,2006,Finance,268,0.037730536393
2006-02-01,2006,Self-employed,332,0.046740813741
2006-02-01,2006,Other,281,0.039560748979
2006-02-01,2006,Transportation and Utilities,260,0.036604251725
2006-02-01,2006,Information,119,0.016753484443
2006-02-01,2006,Agriculture,139,0.019569196114
2006-02-01,2006,Mining and Extraction,25,0.003519639589
2006-03-01,2006,Wholesale and Retail Trade,1022,0.152355396541
2006-03-01,2006,Manufacturing,701,0.104502087060
2006-03-01,2006,Leisure and hospitality,917,0.136702444842
2006-03-01,2006,Business services,824,0.122838401908
2006-03-01,2006,Construction,820,0.122242098986
2006-03-01,2006,Education and Health,563,0.083929636255
2006-03-01,2006,Government,461,0.068723911747
2006-03-01,2006,Finance,298,0.044424567680
2006-03-01,2006,Self-employed,300,0.044722719141
2006-03-01,2006,Other,292,0.043530113298
2006-03-01,2006,Transportation and Utilities,263,0.039206917114
2006-03-01,2006,Information,116,0.017292784735
2006-03-01,2006,Agriculture,117,0.017441860465
2006-03-01,2006,Mining and Extraction,14,0.002087060227
2006-04-01,2006,Wholesale and Retail Trade,972,0.154678548695
2006-04-01,2006,Manufacturing,745,0.118555060471
2006-04-01,2006,Leisure and hospitality,882,0.140356460853
2006-04-01,2006,Business services,644,0.102482495226
2006-04-01,2006,Construction,674,0.107256524507
2006-04-01,2006,Education and Health,558,0.088796944621
2006-04-01,2006,Government,414,0.065881604074
2006-04-01,2006,Finance,293,0.046626352642
2006-04-01,2006,Self-employed,334,0.053150859325
2006-04-01,2006,Other,266,0.042329726289
2006-04-01,2006,Transportation and Utilities,272,0.043284532145
2006-04-01,2006,Information,132,0.021005728835
2006-04-01,2006,Agriculture,81,0.012889879058
2006-04-01,2006,Mining and Extraction,17,0.002705283259
2006-05-01,2006,Wholesale and Retail Trade,1025,0.167019716474
2006-05-01,2006,Manufacturing,680,0.110803324100
2006-05-01,2006,Leisure and hospitality,830,0.135245233828
2006-05-01,2006,Business services,695,0.113247515073
2006-05-01,2006,Construction,647,0.105426103960
2006-05-01,2006,Education and Health,543,0.088479713215
2006-05-01,2006,Government,429,0.069903861822
2006-05-01,2006,Finance,289,0.047091412742
2006-05-01,2006,Self-employed,251,0.040899462278
2006-05-01,2006,Other,265,0.043180707186
2006-05-01,2006,Transportation and Utilities,226,0.036825810657
2006-05-01,2006,Information,158,0.025745478247
2006-05-01,2006,Agriculture,79,0.012872739123
2006-05-01,2006,Mining and Extraction,20,0.003258921297
2006-06-01,2006,Wholesale and Retail Trade,1085,0.169716877835
2006-06-01,2006,Manufacturing,635,0.099327389332
2006-06-01,2006,Leisure and hospitality,942,0.147348662600
2006-06-01,2006,Business services,753,0.117785077428
2006-06-01,2006,Construction,569,0.089003597685
2006-06-01,2006,Education and Health,617,0.096511809792
2006-06-01,2006,Government,578,0.090411387455
2006-06-01,2006,Finance,299,0.046769904583
2006-06-01,2006,Self-employed,245,0.038323165963
2006-06-01,2006,Other,265,0.041451587674
2006-06-01,2006,Transportation and Utilities,225,0.035194744252
2006-06-01,2006,Information,114,0.017832003754
2006-06-01,2006,Agriculture,35,0.005474737995
2006-06-01,2006,Mining and Extraction,31,0.004849053652
2006-07-01,2006,Wholesale and Retail Trade,1083,0.161232693167
2006-07-01,2006,Manufacturing,736,0.109572725919
2006-07-01,2006,Leisure and hospitality,867,0.129075480125
2006-07-01,2006,Business services,735,0.109423849933
2006-07-01,2006,Construction,633,0.094238499330
2006-07-01,2006,Education and Health,659,0.098109274974
2006-07-01,2006,Government,659,0.098109274974
2006-07-01,2006,Finance,329,0.048980199494
2006-07-01,2006,Self-employed,291,0.043322912014
2006-07-01,2006,Other,305,0.045407175823
2006-07-01,2006,Transportation and Utilities,237,0.035283608754
2006-07-01,2006,Information,103,0.015334226589
2006-07-01,2006,Agriculture,55,0.008188179247
2006-07-01,2006,Mining and Extraction,25,0.003721899658
2006-08-01,2006,Wholesale and Retail Trade,977,0.153038847118
2006-08-01,2006,Manufacturing,680,0.106516290727
2006-08-01,2006,Leisure and hospitality,855,0.133928571429
2006-08-01,2006,Business services,681,0.106672932331
2006-08-01,2006,Construction,618,0.096804511278
2006-08-01,2006,Education and Health,611,0.095708020050
2006-08-01,2006,Government,595,0.093201754386
2006-08-01,2006,Finance,263,0.041196741855
2006-08-01,2006,Self-employed,306,0.047932330827
2006-08-01,2006,Other,341,0.053414786967
2006-08-01,2006,Transportation and Utilities,217,0.033991228070
2006-08-01,2006,Information,132,0.020676691729
2006-08-01,2006,Agriculture,76,0.011904761905
2006-08-01,2006,Mining and Extraction,32,0.005012531328
2006-09-01,2006,Wholesale and Retail Trade,1008,0.167081054202
2006-09-01,2006,Manufacturing,632,0.104757168904
2006-09-01,2006,Leisure and hospitality,810,0.134261561412
2006-09-01,2006,Business services,736,0.121995690370
2006-09-01,2006,Construction,586,0.097132438256
2006-09-01,2006,Education and Health,576,0.095474888115
2006-09-01,2006,Government,396,0.065638985579
2006-09-01,2006,Finance,235,0.038952428311
2006-09-01,2006,Self-employed,299,0.049560749213
2006-09-01,2006,Other,310,0.051384054368
2006-09-01,2006,Transportation and Utilities,183,0.030333167578
2006-09-01,2006,Information,170,0.028178352395
2006-09-01,2006,Agriculture,78,0.012928891099
2006-09-01,2006,Mining and Extraction,14,0.002320570197
2006-10-01,2006,Wholesale and Retail Trade,972,0.169574319609
2006-10-01,2006,Manufacturing,618,0.107815771110
2006-10-01,2006,Leisure and hospitality,795,0.138695045359
2006-10-01,2006,Business services,768,0.133984647592
2006-10-01,2006,Construction,456,0.079553384508
2006-10-01,2006,Education and Health,531,0.092637822749
2006-10-01,2006,Government,424,0.073970690858
2006-10-01,2006,Finance,211,0.036810886253
2006-10-01,2006,Self-employed,275,0.047976273552
2006-10-01,2006,Other,268,0.046755059316
2006-10-01,2006,Transportation and Utilities,206,0.035938590370
2006-10-01,2006,Information,116,0.020237264480
2006-10-01,2006,Agriculture,77,0.013433356595
2006-10-01,2006,Mining and Extraction,15,0.002616887648
2006-11-01,2006,Wholesale and Retail Trade,1018,0.168906587025
2006-11-01,2006,Manufacturing,702,0.116475858636
2006-11-01,2006,Leisure and hospitality,836,0.138709142193
2006-11-01,2006,Business services,658,0.109175377468
2006-11-01,2006,Construction,618,0.102538576406
2006-11-01,2006,Education and Health,536,0.088933134229
2006-11-01,2006,Government,400,0.066368010619
2006-11-01,2006,Finance,229,0.037995686079
2006-11-01,2006,Self-employed,257,0.042641446823
2006-11-01,2006,Other,306,0.050771528123
2006-11-01,2006,Transportation and Utilities,183,0.030363364858
2006-11-01,2006,Information,137,0.022731043637
2006-11-01,2006,Agriculture,125,0.020740003318
2006-11-01,2006,Mining and Extraction,22,0.003650240584
2006-12-01,2006,Wholesale and Retail Trade,965,0.160272380003
2006-12-01,2006,Manufacturing,660,0.109616342800
2006-12-01,2006,Leisure and hospitality,701,0.116425842883
2006-12-01,2006,Business services,791,0.131373525992
2006-12-01,2006,Construction,725,0.120411891712
2006-12-01,2006,Education and Health,502,0.083374854675
2006-12-01,2006,Government,395,0.065603720312
2006-12-01,2006,Finance,227,0.037701378509
2006-12-01,2006,Self-employed,287,0.047666500581
2006-12-01,2006,Other,306,0.050822122571
2006-12-01,2006,Transportation and Utilities,190,0.031556219897
2006-12-01,2006,Information,108,0.017937219731
2006-12-01,2006,Agriculture,139,0.023085866135
2006-12-01,2006,Mining and Extraction,25,0.004152134197
2007-01-01,2007,Wholesale and Retail Trade,1166,0.163925207367
2007-01-01,2007,Manufacturing,752,0.105721917616
2007-01-01,2007,Leisure and hospitality,911,0.128075354984
2007-01-01,2007,Business services,885,0.124420075917
2007-01-01,2007,Construction,922,0.129621819204
2007-01-01,2007,Education and Health,563,0.079150850555
2007-01-01,2007,Government,476,0.066919724448
2007-01-01,2007,Finance,233,0.032756923942
2007-01-01,2007,Self-employed,376,0.052860958808
2007-01-01,2007,Other,275,0.038661605511
2007-01-01,2007,Transportation and Utilities,248,0.034865738788
2007-01-01,2007,Information,143,0.020104034866
2007-01-01,2007,Agriculture,128,0.017995220020
2007-01-01,2007,Mining and Extraction,35,0.004920567974
2007-02-01,2007,Wholesale and Retail Trade,1045,0.151339608979
2007-02-01,2007,Manufacturing,774,0.112092686459
2007-02-01,2007,Leisure and hospitality,879,0.127299058653
2007-02-01,2007,Business services,825,0.119478638668
2007-02-01,2007,Construction,1086,0.157277335264
2007-02-01,2007,Education and Health,489,0.070818247647
2007-02-01,2007,Government,405,0.058653149891
2007-02-01,2007,Finance,295,0.042722664736
2007-02-01,2007,Self-employed,300,0.043446777697
2007-02-01,2007,Other,257,0.037219406227
2007-02-01,2007,Transportation and Utilities,251,0.036350470673
2007-02-01,2007,Information,139,0.020130340333
2007-02-01,2007,Agriculture,127,0.018392469225
2007-02-01,2007,Mining and Extraction,33,0.004779145547
2007-03-01,2007,Wholesale and Retail Trade,896,0.140306921391
2007-03-01,2007,Manufacturing,742,0.116191669277
2007-03-01,2007,Leisure and hospitality,845,0.132320701535
2007-03-01,2007,Business services,775,0.121359223301
2007-03-01,2007,Construction,924,0.144691512684
2007-03-01,2007,Education and Health,495,0.077513310366
2007-03-01,2007,Government,419,0.065612276856
2007-03-01,2007,Finance,252,0.039461321641
2007-03-01,2007,Self-employed,311,0.048700281867
2007-03-01,2007,Other,222,0.034763545255
2007-03-01,2007,Transportation and Utilities,249,0.038991544003
2007-03-01,2007,Information,109,0.017068587535
2007-03-01,2007,Agriculture,123,0.019260883182
2007-03-01,2007,Mining and Extraction,24,0.003758221109
2007-04-01,2007,Wholesale and Retail Trade,872,0.145527369826
2007-04-01,2007,Manufacturing,749,0.125000000000
2007-04-01,2007,Leisure and hospitality,822,0.137182910547
2007-04-01,2007,Business services,689,0.114986648865
2007-04-01,2007,Construction,853,0.142356475300
2007-04-01,2007,Education and Health,555,0.092623497997
2007-04-01,2007,Government,408,0.068090787717
2007-04-01,2007,Finance,231,0.038551401869
2007-04-01,2007,Self-employed,240,0.040053404539
2007-04-01,2007,Other,224,0.037383177570
2007-04-01,2007,Transportation and Utilities,188,0.031375166889
2007-04-01,2007,Information,77,0.012850467290
2007-04-01,2007,Agriculture,67,0.011181575434
2007-04-01,2007,Mining and Extraction,17,0.002837116155
2007-05-01,2007,Wholesale and Retail Trade,795,0.133456437804
2007-05-01,2007,Manufacturing,651,0.109283196240
2007-05-01,2007,Leisure and hospitality,831,0.139499748195
2007-05-01,2007,Business services,743,0.124727211684
2007-05-01,2007,Construction,676,0.113479939567
2007-05-01,2007,Education and Health,622,0.104414973980
2007-05-01,2007,Government,428,0.071848245761
2007-05-01,2007,Finance,281,0.047171394997
2007-05-01,2007,Self-employed,276,0.046332046332
2007-05-01,2007,Other,242,0.040624475407
2007-05-01,2007,Transportation and Utilities,216,0.036259862347
2007-05-01,2007,Information,110,0.018465670640
2007-05-01,2007,Agriculture,64,0.010743662918
2007-05-01,2007,Mining and Extraction,22,0.003693134128
2007-06-01,2007,Wholesale and Retail Trade,979,0.153906618456
2007-06-01,2007,Manufacturing,653,0.102656814966
2007-06-01,2007,Leisure and hospitality,917,0.144159723314
2007-06-01,2007,Business services,722,0.113504166012
2007-06-01,2007,Construction,600,0.094324791699
2007-06-01,2007,Education and Health,653,0.102656814966
2007-06-01,2007,Government,572,0.089922968087
2007-06-01,2007,Finance,303,0.047634019808
2007-06-01,2007,Self-employed,258,0.040559660431
2007-06-01,2007,Other,256,0.040245244458
2007-06-01,2007,Transportation and Utilities,242,0.038044332652
2007-06-01,2007,Information,114,0.017921710423
2007-06-01,2007,Agriculture,59,0.009275271184
2007-06-01,2007,Mining and Extraction,33,0.005187863543
2007-07-01,2007,Wholesale and Retail Trade,1089,0.161884941281
2007-07-01,2007,Manufacturing,621,0.092314553293
2007-07-01,2007,Leisure and hospitality,920,0.136762301174
2007-07-01,2007,Business services,743,0.110450423666
2007-07-01,2007,Construction,617,0.091719934592
2007-07-01,2007,Education and Health,665,0.098855359001
2007-07-01,2007,Government,704,0.104652891333
2007-07-01,2007,Finance,307,0.045636985283
2007-07-01,2007,Self-employed,324,0.048164114761
2007-07-01,2007,Other,243,0.036123086071
2007-07-01,2007,Transportation and Utilities,309,0.045934294634
2007-07-01,2007,Information,112,0.016649323621
2007-07-01,2007,Agriculture,40,0.005946187008
2007-07-01,2007,Mining and Extraction,33,0.004905604281
2007-08-01,2007,Wholesale and Retail Trade,1028,0.159577770879
2007-08-01,2007,Manufacturing,596,0.092517851599
2007-08-01,2007,Leisure and hospitality,877,0.136137845390
2007-08-01,2007,Business services,683,0.106022974232
2007-08-01,2007,Construction,558,0.086619062403
2007-08-01,2007,Education and Health,648,0.100589878920
2007-08-01,2007,Government,695,0.107885749767
2007-08-01,2007,Finance,371,0.057590810307
2007-08-01,2007,Self-employed,315,0.048897857808
2007-08-01,2007,Other,239,0.037100279416
2007-08-01,2007,Transportation and Utilities,205,0.031822415399
2007-08-01,2007,Information,140,0.021732381248
2007-08-01,2007,Agriculture,54,0.008382489910
2007-08-01,2007,Mining and Extraction,33,0.005122632723
2007-09-01,2007,Wholesale and Retail Trade,1027,0.162990001587
2007-09-01,2007,Manufacturing,673,0.106808443104
2007-09-01,2007,Leisure and hospitality,892,0.141564830979
2007-09-01,2007,Business services,655,0.103951753690
2007-09-01,2007,Construction,596,0.094588160609
2007-09-01,2007,Education and Health,630,0.099984129503
2007-09-01,2007,Government,525,0.083320107919
2007-09-01,2007,Finance,316,0.050150769719
2007-09-01,2007,Self-employed,304,0.048246310110
2007-09-01,2007,Other,257,0.040787176639
2007-09-01,2007,Transportation and Utilities,224,0.035549912712
2007-09-01,2007,Information,124,0.019679415966
2007-09-01,2007,Agriculture,53,0.008411363276
2007-09-01,2007,Mining and Extraction,25,0.003967624187
2007-10-01,2007,Wholesale and Retail Trade,907,0.148445171849
2007-10-01,2007,Manufacturing,729,0.119312602291
2007-10-01,2007,Leisure and hospitality,911,0.149099836334
2007-10-01,2007,Business services,675,0.110474631751
2007-10-01,2007,Construction,641,0.104909983633
2007-10-01,2007,Education and Health,534,0.087397708674
2007-10-01,2007,Government,492,0.080523731588
2007-10-01,2007,Finance,307,0.050245499182
2007-10-01,2007,Self-employed,338,0.055319148936
2007-10-01,2007,Other,182,0.029787234043
2007-10-01,2007,Transportation and Utilities,218,0.035679214403
2007-10-01,2007,Information,120,0.019639934534
2007-10-01,2007,Agriculture,47,0.007692307692
2007-10-01,2007,Mining and Extraction,9,0.001472995090
2007-11-01,2007,Wholesale and Retail Trade,893,0.141858617951
2007-11-01,2007,Manufacturing,762,0.121048451152
2007-11-01,2007,Leisure and hospitality,986,0.156632247816
2007-11-01,2007,Business services,679,0.107863383638
2007-11-01,2007,Construction,645,0.102462271644
2007-11-01,2007,Education and Health,526,0.083558379666
2007-11-01,2007,Government,482,0.076568705322
2007-11-01,2007,Finance,261,0.041461477363
2007-11-01,2007,Self-employed,336,0.053375694996
2007-11-01,2007,Other,255,0.040508339952
2007-11-01,2007,Transportation and Utilities,242,0.038443208896
2007-11-01,2007,Information,132,0.020969023034
2007-11-01,2007,Agriculture,80,0.012708498809
2007-11-01,2007,Mining and Extraction,16,0.002541699762
2007-12-01,2007,Wholesale and Retail Trade,1009,0.148034037559
2007-12-01,2007,Manufacturing,772,0.113262910798
2007-12-01,2007,Leisure and hospitality,961,0.140991784038
2007-12-01,2007,Business services,803,0.117811032864
2007-12-01,2007,Construction,968,0.142018779343
2007-12-01,2007,Education and Health,521,0.076437793427
2007-12-01,2007,Government,451,0.066167840376
2007-12-01,2007,Finance,315,0.046214788732
2007-12-01,2007,Self-employed,326,0.047828638498
2007-12-01,2007,Other,235,0.034477699531
2007-12-01,2007,Transportation and Utilities,210,0.030809859155
2007-12-01,2007,Information,125,0.018339201878
2007-12-01,2007,Agriculture,96,0.014084507042
2007-12-01,2007,Mining and Extraction,24,0.003521126761
2008-01-01,2008,Wholesale and Retail Trade,1120,0.146596858639
2008-01-01,2008,Manufacturing,837,0.109554973822
2008-01-01,2008,Leisure and hospitality,1176,0.153926701571
2008-01-01,2008,Business services,893,0.116884816754
2008-01-01,2008,Construction,1099,0.143848167539
2008-01-01,2008,Education and Health,576,0.075392670157
2008-01-01,2008,Government,471,0.061649214660
2008-01-01,2008,Finance,285,0.037303664921
2008-01-01,2008,Self-employed,338,0.044240837696
2008-01-01,2008,Other,264,0.034554973822
2008-01-01,2008,Transportation and Utilities,271,0.035471204188
2008-01-01,2008,Information,169,0.022120418848
2008-01-01,2008,Agriculture,113,0.014790575916
2008-01-01,2008,Mining and Extraction,28,0.003664921466
2008-02-01,2008,Wholesale and Retail Trade,1007,0.135897435897
2008-02-01,2008,Manufacturing,820,0.110661268556
2008-02-01,2008,Leisure and hospitality,1056,0.142510121457
2008-02-01,2008,Business services,866,0.116869095816
2008-02-01,2008,Construction,1118,0.150877192982
2008-02-01,2008,Education and Health,562,0.075843454791
2008-02-01,2008,Government,372,0.050202429150
2008-02-01,2008,Finance,323,0.043589743590
2008-02-01,2008,Self-employed,340,0.045883940621
2008-02-01,2008,Other,313,0.042240215924
2008-02-01,2008,Transportation and Utilities,289,0.039001349528
2008-02-01,2008,Information,193,0.026045883941
2008-02-01,2008,Agriculture,135,0.018218623482
2008-02-01,2008,Mining and Extraction,16,0.002159244265
2008-03-01,2008,Wholesale and Retail Trade,992,0.133620689655
2008-03-01,2008,Manufacturing,831,0.111934267241
2008-03-01,2008,Leisure and hospitality,944,0.127155172414
2008-03-01,2008,Business services,876,0.117995689655
2008-03-01,2008,Construction,1170,0.157596982759
2008-03-01,2008,Education and Health,609,0.082031250000
2008-03-01,2008,Government,425,0.057246767241
2008-03-01,2008,Finance,323,0.043507543103
2008-03-01,2008,Self-employed,346,0.046605603448
2008-03-01,2008,Other,283,0.038119612069
2008-03-01,2008,Transportation and Utilities,267,0.035964439655
2008-03-01,2008,Information,155,0.020878232759
2008-03-01,2008,Agriculture,175,0.023572198276
2008-03-01,2008,Mining and Extraction,28,0.003771551724
2008-04-01,2008,Wholesale and Retail Trade,919,0.136289485392
2008-04-01,2008,Manufacturing,796,0.118048346433
2008-04-01,2008,Leisure and hospitality,874,0.129615897968
2008-04-01,2008,Business services,736,0.109150229868
2008-04-01,2008,Construction,1057,0.156755153493
2008-04-01,2008,Education and Health,551,0.081714370458
2008-04-01,2008,Government,373,0.055316624648
2008-04-01,2008,Finance,324,0.048049829453
2008-04-01,2008,Self-employed,338,0.050126056651
2008-04-01,2008,Other,251,0.037223787632
2008-04-01,2008,Transportation and Utilities,245,0.036333975975
2008-04-01,2008,Information,143,0.021207177814
2008-04-01,2008,Agriculture,108,0.016016609818
2008-04-01,2008,Mining and Extraction,28,0.004152454397
2008-05-01,2008,Wholesale and Retail Trade,1049,0.144034051902
2008-05-01,2008,Manufacturing,879,0.120692022518
2008-05-01,2008,Leisure and hospitality,1074,0.147466703282
2008-05-01,2008,Business services,829,0.113826719758
2008-05-01,2008,Construction,809,0.111080598654
2008-05-01,2008,Education and Health,619,0.084992448167
2008-05-01,2008,Government,461,0.063298091446
2008-05-01,2008,Finance,361,0.049567485926
2008-05-01,2008,Self-employed,366,0.050254016202
2008-05-01,2008,Other,275,0.037759165179
2008-05-01,2008,Transportation and Utilities,269,0.036935328848
2008-05-01,2008,Information,170,0.023342029383
2008-05-01,2008,Agriculture,94,0.012906769189
2008-05-01,2008,Mining and Extraction,28,0.003844569546
2008-06-01,2008,Wholesale and Retail Trade,1160,0.148775169937
2008-06-01,2008,Manufacturing,862,0.110555341798
2008-06-01,2008,Leisure and hospitality,1154,0.148005643196
2008-06-01,2008,Business services,890,0.114146466590
2008-06-01,2008,Construction,785,0.100679748621
2008-06-01,2008,Education and Health,669,0.085802231628
2008-06-01,2008,Government,654,0.083878414775
2008-06-01,2008,Finance,337,0.043221751956
2008-06-01,2008,Self-employed,364,0.046684622291
2008-06-01,2008,Other,322,0.041297935103
2008-06-01,2008,Transportation and Utilities,329,0.042195716301
2008-06-01,2008,Information,157,0.020135949724
2008-06-01,2008,Agriculture,86,0.011029883288
2008-06-01,2008,Mining and Extraction,28,0.003591124792
2008-07-01,2008,Wholesale and Retail Trade,1329,0.160332971408
2008-07-01,2008,Manufacturing,908,0.109542767523
2008-07-01,2008,Leisure and hospitality,1172,0.141392206539
2008-07-01,2008,Business services,866,0.104475811316
2008-07-01,2008,Construction,783,0.094462540717
2008-07-01,2008,Education and Health,776,0.093618048015
2008-07-01,2008,Government,770,0.092894197129
2008-07-01,2008,Finance,350,0.042224635059
2008-07-01,2008,Self-employed,345,0.041621425986
2008-07-01,2008,Other,352,0.042465918687
2008-07-01,2008,Transportation and Utilities,359,0.043310411389
2008-07-01,2008,Information,141,0.017010495838
2008-07-01,2008,Agriculture,125,0.015080226807
2008-07-01,2008,Mining and Extraction,13,0.001568343588
2008-08-01,2008,Wholesale and Retail Trade,1366,0.159430438842
2008-08-01,2008,Manufacturing,960,0.112044817927
2008-08-01,2008,Leisure and hospitality,1122,0.130952380952
2008-08-01,2008,Business services,961,0.112161531279
2008-08-01,2008,Construction,814,0.095004668534
2008-08-01,2008,Education and Health,844,0.098506069094
2008-08-01,2008,Government,721,0.084150326797
2008-08-01,2008,Finance,409,0.047735760971
2008-08-01,2008,Self-employed,378,0.044117647059
2008-08-01,2008,Other,412,0.048085901027
2008-08-01,2008,Transportation and Utilities,309,0.036064425770
2008-08-01,2008,Information,144,0.016806722689
2008-08-01,2008,Agriculture,111,0.012955182073
2008-08-01,2008,Mining and Extraction,17,0.001984126984
2008-09-01,2008,Wholesale and Retail Trade,1277,0.152041909751
2008-09-01,2008,Manufacturing,984,0.117156804381
2008-09-01,2008,Leisure and hospitality,1029,0.122514585070
2008-09-01,2008,Business services,951,0.113227765210
2008-09-01,2008,Construction,970,0.115489939278
2008-09-01,2008,Education and Health,835,0.099416597214
2008-09-01,2008,Government,573,0.068222407429
2008-09-01,2008,Finance,380,0.045243481367
2008-09-01,2008,Self-employed,414,0.049291582331
2008-09-01,2008,Other,374,0.044529110608
2008-09-01,2008,Transportation and Utilities,337,0.040123824265
2008-09-01,2008,Information,166,0.019764257650
2008-09-01,2008,Agriculture,84,0.010001190618
2008-09-01,2008,Mining and Extraction,25,0.002976544827
2008-10-01,2008,Wholesale and Retail Trade,1313,0.151180195740
2008-10-01,2008,Manufacturing,1007,0.115947035118
2008-10-01,2008,Leisure and hospitality,1126,0.129648819804
2008-10-01,2008,Business services,1052,0.121128382268
2008-10-01,2008,Construction,1078,0.124122049511
2008-10-01,2008,Education and Health,797,0.091767415083
2008-10-01,2008,Government,552,0.063557858377
2008-10-01,2008,Finance,434,0.049971214738
2008-10-01,2008,Self-employed,396,0.045595854922
2008-10-01,2008,Other,334,0.038457109960
2008-10-01,2008,Transportation and Utilities,316,0.036384571100
2008-10-01,2008,Information,168,0.019343696028
2008-10-01,2008,Agriculture,97,0.011168681635
2008-10-01,2008,Mining and Extraction,15,0.001727115717
2008-11-01,2008,Wholesale and Retail Trade,1397,0.149860544947
2008-11-01,2008,Manufacturing,1144,0.122720446256
2008-11-01,2008,Leisure and hospitality,1283,0.137631409569
2008-11-01,2008,Business services,992,0.106414932418
2008-11-01,2008,Construction,1237,0.132696846170
2008-11-01,2008,Education and Health,748,0.080240291783
2008-11-01,2008,Government,527,0.056532932847
2008-11-01,2008,Finance,494,0.052992919974
2008-11-01,2008,Self-employed,411,0.044089251234
2008-11-01,2008,Other,434,0.046556532933
2008-11-01,2008,Transportation and Utilities,331,0.035507401845
2008-11-01,2008,Information,173,0.018558249303
2008-11-01,2008,Agriculture,119,0.012765500965
2008-11-01,2008,Mining and Extraction,32,0.003432739755
2008-12-01,2008,Wholesale and Retail Trade,1535,0.148625096824
2008-12-01,2008,Manufacturing,1315,0.127323780015
2008-12-01,2008,Leisure and hospitality,1210,0.117157242448
2008-12-01,2008,Business services,1147,0.111057319907
2008-12-01,2008,Construction,1438,0.139233152595
2008-12-01,2008,Education and Health,791,0.076587916344
2008-12-01,2008,Government,511,0.049477149497
2008-12-01,2008,Finance,540,0.052285050349
2008-12-01,2008,Self-employed,559,0.054124709527
2008-12-01,2008,Other,367,0.035534469404
2008-12-01,2008,Transportation and Utilities,421,0.040762974438
2008-12-01,2008,Information,219,0.021204492641
2008-12-01,2008,Agriculture,229,0.022172734314
2008-12-01,2008,Mining and Extraction,46,0.004453911696
2009-01-01,2009,Wholesale and Retail Trade,1794,0.145333765392
2009-01-01,2009,Manufacturing,1711,0.138609850940
2009-01-01,2009,Leisure and hospitality,1487,0.120463383020
2009-01-01,2009,Business services,1445,0.117060920285
2009-01-01,2009,Construction,1744,0.141283214517
2009-01-01,2009,Education and Health,792,0.064160725859
2009-01-01,2009,Government,652,0.052819183409
2009-01-01,2009,Finance,571,0.046257290992
2009-01-01,2009,Self-employed,659,0.053386260531
2009-01-01,2009,Other,431,0.034915748542
2009-01-01,2009,Transportation and Utilities,522,0.042287751134
2009-01-01,2009,Information,232,0.018794556060
2009-01-01,2009,Agriculture,245,0.019847699287
2009-01-01,2009,Mining and Extraction,59,0.004779650032
2009-02-01,2009,Wholesale and Retail Trade,1847,0.143512043512
2009-02-01,2009,Manufacturing,1822,0.141569541570
2009-02-01,2009,Leisure and hospitality,1477,0.114763014763
2009-02-01,2009,Business services,1512,0.117482517483
2009-02-01,2009,Construction,2025,0.157342657343
2009-02-01,2009,Education and Health,847,0.065811965812
2009-02-01,2009,Government,563,0.043745143745
2009-02-01,2009,Finance,637,0.049494949495
2009-02-01,2009,Self-employed,586,0.045532245532
2009-02-01,2009,Other,453,0.035198135198
2009-02-01,2009,Transportation and Utilities,563,0.043745143745
2009-02-01,2009,Information,224,0.017404817405
2009-02-01,2009,Agriculture,251,0.019502719503
2009-02-01,2009,Mining and Extraction,63,0.004895104895
2009-03-01,2009,Wholesale and Retail Trade,1852,0.140836501901
2009-03-01,2009,Manufacturing,1912,0.145399239544
2009-03-01,2009,Leisure and hospitality,1484,0.112851711027
2009-03-01,2009,Business services,1597,0.121444866920
2009-03-01,2009,Construction,1979,0.150494296578
2009-03-01,2009,Education and Health,931,0.070798479087
2009-03-01,2009,Government,598,0.045475285171
2009-03-01,2009,Finance,639,0.048593155894
2009-03-01,2009,Self-employed,625,0.047528517110
2009-03-01,2009,Other,377,0.028669201521
2009-03-01,2009,Transportation and Utilities,558,0.042433460076
2009-03-01,2009,Information,252,0.019163498099
2009-03-01,2009,Agriculture,241,0.018326996198
2009-03-01,2009,Mining and Extraction,105,0.007984790875
2009-04-01,2009,Wholesale and Retail Trade,1833,0.147098948720
2009-04-01,2009,Manufacturing,1968,0.157932750181
2009-04-01,2009,Leisure and hospitality,1322,0.106091003932
2009-04-01,2009,Business services,1448,0.116202551962
2009-04-01,2009,Construction,1737,0.139394912126
2009-04-01,2009,Education and Health,964,0.077361367466
2009-04-01,2009,Government,575,0.046143969184
2009-04-01,2009,Finance,561,0.045020463847
2009-04-01,2009,Self-employed,488,0.039162186020
2009-04-01,2009,Other,403,0.032340903619
2009-04-01,2009,Transportation and Utilities,541,0.043415456223
2009-04-01,2009,Information,320,0.025680121981
2009-04-01,2009,Agriculture,176,0.014124067089
2009-04-01,2009,Mining and Extraction,125,0.010031297649
2009-05-01,2009,Wholesale and Retail Trade,1835,0.140958672607
2009-05-01,2009,Manufacturing,2010,0.154401597788
2009-05-01,2009,Leisure and hospitality,1599,0.122829927792
2009-05-01,2009,Business services,1514,0.116300506990
2009-05-01,2009,Construction,1768,0.135811952681
2009-05-01,2009,Education and Health,1005,0.077200798894
2009-05-01,2009,Government,702,0.053925334153
2009-05-01,2009,Finance,536,0.041173759410
2009-05-01,2009,Self-employed,530,0.040712859118
2009-05-01,2009,Other,476,0.036564756491
2009-05-01,2009,Transportation and Utilities,506,0.038869257951
2009-05-01,2009,Information,303,0.023275464741
2009-05-01,2009,Agriculture,136,0.010447073283
2009-05-01,2009,Mining and Extraction,98,0.007528038101
2009-06-01,2009,Wholesale and Retail Trade,1863,0.136283833211
2009-06-01,2009,Manufacturing,2010,0.147037307974
2009-06-01,2009,Leisure and hospitality,1688,0.123482077542
2009-06-01,2009,Business services,1580,0.115581565472
2009-06-01,2009,Construction,1601,0.117117776152
2009-06-01,2009,Education and Health,1267,0.092684711046
2009-06-01,2009,Government,991,0.072494513533
2009-06-01,2009,Finance,513,0.037527432334
2009-06-01,2009,Self-employed,472,0.034528163862
2009-06-01,2009,Other,557,0.040746159473
2009-06-01,2009,Transportation and Utilities,499,0.036503291880
2009-06-01,2009,Information,347,0.025384052670
2009-06-01,2009,Agriculture,182,0.013313825896
2009-06-01,2009,Mining and Extraction,100,0.007315288954
2009-07-01,2009,Wholesale and Retail Trade,1854,0.134066092993
2009-07-01,2009,Manufacturing,1988,0.143755875334
2009-07-01,2009,Leisure and hospitality,1600,0.115698893629
2009-07-01,2009,Business services,1531,0.110709378842
2009-07-01,2009,Construction,1687,0.121990020970
2009-07-01,2009,Education and Health,1269,0.091763685010
2009-07-01,2009,Government,1129,0.081640031817
2009-07-01,2009,Finance,570,0.041217730855
2009-07-01,2009,Self-employed,552,0.039916118302
2009-07-01,2009,Other,490,0.035432786174
2009-07-01,2009,Transportation and Utilities,511,0.036951334153
2009-07-01,2009,Information,373,0.026972304577
2009-07-01,2009,Agriculture,180,0.013016125533
2009-07-01,2009,Mining and Extraction,95,0.006869621809
2009-08-01,2009,Wholesale and Retail Trade,1794,0.131805157593
2009-08-01,2009,Manufacturing,1866,0.137094996694
2009-08-01,2009,Leisure and hospitality,1636,0.120196899567
2009-08-01,2009,Business services,1560,0.114613180516
2009-08-01,2009,Construction,1542,0.113290720741
2009-08-01,2009,Education and Health,1239,0.091029314525
2009-08-01,2009,Government,1118,0.082139446036
2009-08-01,2009,Finance,566,0.041584012931
2009-08-01,2009,Self-employed,569,0.041804422893
2009-08-01,2009,Other,528,0.038792153405
2009-08-01,2009,Transportation and Utilities,547,0.040188083168
2009-08-01,2009,Information,358,0.026302255529
2009-08-01,2009,Agriculture,195,0.014326647564
2009-08-01,2009,Mining and Extraction,93,0.006832708838
2009-09-01,2009,Wholesale and Retail Trade,1809,0.134899328859
2009-09-01,2009,Manufacturing,1876,0.139895600298
2009-09-01,2009,Leisure and hospitality,1469,0.109545115585
2009-09-01,2009,Business services,1596,0.119015659955
2009-09-01,2009,Construction,1594,0.118866517524
2009-09-01,2009,Education and Health,1257,0.093736017897
2009-09-01,2009,Government,928,0.069202087994
2009-09-01,2009,Finance,657,0.048993288591
2009-09-01,2009,Self-employed,636,0.047427293065
2009-09-01,2009,Other,462,0.034451901566
2009-09-01,2009,Transportation and Utilities,538,0.040119313945
2009-09-01,2009,Information,362,0.026994780015
2009-09-01,2009,Agriculture,150,0.011185682327
2009-09-01,2009,Mining and Extraction,76,0.005667412379
2009-10-01,2009,Wholesale and Retail Trade,1919,0.142232434035
2009-10-01,2009,Manufacturing,1884,0.139638304180
2009-10-01,2009,Leisure and hospitality,1604,0.118885265342
2009-10-01,2009,Business services,1488,0.110287577824
2009-10-01,2009,Construction,1744,0.129261784761
2009-10-01,2009,Education and Health,1280,0.094871034687
2009-10-01,2009,Government,785,0.058182626742
2009-10-01,2009,Finance,646,0.047880225319
2009-10-01,2009,Self-employed,610,0.045211977468
2009-10-01,2009,Other,541,0.040097835755
2009-10-01,2009,Transportation and Utilities,480,0.035576638008
2009-10-01,2009,Information,261,0.019344796917
2009-10-01,2009,Agriculture,166,0.012303587311
2009-10-01,2009,Mining and Extraction,84,0.006225911651
2009-11-01,2009,Wholesale and Retail Trade,1879,0.142251495193
2009-11-01,2009,Manufacturing,1882,0.142478613067
2009-11-01,2009,Leisure and hospitality,1524,0.115375880082
2009-11-01,2009,Business services,1514,0.114618820501
2009-11-01,2009,Construction,1780,0.134756605345
2009-11-01,2009,Education and Health,1168,0.088424559013
2009-11-01,2009,Government,748,0.056628056628
2009-11-01,2009,Finance,619,0.046861988038
2009-11-01,2009,Self-employed,592,0.044817927171
2009-11-01,2009,Other,491,0.037171625407
2009-11-01,2009,Transportation and Utilities,493,0.037323037323
2009-11-01,2009,Information,243,0.018396547808
2009-11-01,2009,Agriculture,180,0.013627072451
2009-11-01,2009,Mining and Extraction,96,0.007267771974
2009-12-01,2009,Wholesale and Retail Trade,1851,0.135158817087
2009-12-01,2009,Manufacturing,1747,0.127564804673
2009-12-01,2009,Leisure and hospitality,1624,0.118583424608
2009-12-01,2009,Business services,1486,0.108506754290
2009-12-01,2009,Construction,2044,0.149251551661
2009-12-01,2009,Education and Health,1183,0.086381891201
2009-12-01,2009,Government,797,0.058196422052
2009-12-01,2009,Finance,665,0.048557867835
2009-12-01,2009,Self-employed,609,0.044468784228
2009-12-01,2009,Other,513,0.037458926616
2009-12-01,2009,Transportation and Utilities,539,0.039357429719
2009-12-01,2009,Information,256,0.018692953633
2009-12-01,2009,Agriculture,292,0.021321650237
2009-12-01,2009,Mining and Extraction,89,0.006498722161
2010-01-01,2010,Wholesale and Retail Trade,2154,0.142413223140
2010-01-01,2010,Manufacturing,1918,0.126809917355
2010-01-01,2010,Leisure and hospitality,1804,0.119272727273
2010-01-01,2010,Business services,1614,0.106710743802
2010-01-01,2010,Construction,2194,0.145057851240
2010-01-01,2010,Education and Health,1175,0.077685950413
2010-01-01,2010,Government,948,0.062677685950
2010-01-01,2010,Finance,623,0.041190082645
2010-01-01,2010,Self-employed,730,0.048264462810
2010-01-01,2010,Other,609,0.040264462810
2010-01-01,2010,Transportation and Utilities,657,0.043438016529
2010-01-01,2010,Information,313,0.020694214876
2010-01-01,2010,Agriculture,318,0.021024793388
2010-01-01,2010,Mining and Extraction,68,0.004495867769
2010-02-01,2010,Wholesale and Retail Trade,2071,0.138177208433
2010-02-01,2010,Manufacturing,1814,0.121030157459
2010-02-01,2010,Leisure and hospitality,1597,0.106551908193
2010-02-01,2010,Business services,1740,0.116092874299
2010-02-01,2010,Construction,2440,0.162796904190
2010-02-01,2010,Education and Health,1200,0.080064051241
2010-02-01,2010,Government,880,0.058713637577
2010-02-01,2010,Finance,708,0.047237790232
2010-02-01,2010,Self-employed,680,0.045369629037
2010-02-01,2010,Other,603,0.040232185749
2010-02-01,2010,Transportation and Utilities,591,0.039431545236
2010-02-01,2010,Information,300,0.020016012810
2010-02-01,2010,Agriculture,285,0.019015212170
2010-02-01,2010,Mining and Extraction,79,0.005270883373
